,Date,Visitor,HG,Home,AG,winner
0,2018-10-03,Anaheim Ducks,5,San Jose Sharks,2,0
1,2018-10-03,Montreal Canadiens,2,Toronto Maple Leafs,3,1
2,2018-10-03,Calgary Flames,2,Vancouver Canucks,5,1
3,2018-10-03,Boston Bruins,0,Washington Capitals,7,1
4,2018-10-04,Boston Bruins,4,Buffalo Sabres,0,0
5,2018-10-04,New York Islanders,2,Carolina Hurricanes,1,0
6,2018-10-04,Minnesota Wild,1,Colorado Avalanche,4,1
7,2018-10-04,Arizona Coyotes,0,Dallas Stars,3,1
8,2018-10-04,Columbus Blue Jackets,3,Detroit Red Wings,2,0
9,2018-10-04,Nashville Predators,3,New York Rangers,2,0
10,2018-10-04,Chicago Blackhawks,4,Ottawa Senators,3,0
11,2018-10-04,Washington Capitals,6,Pittsburgh Penguins,7,1
12,2018-10-04,Winnipeg Jets,5,St. Louis Blues,1,0
13,2018-10-04,Philadelphia Flyers,5,Vegas Golden Knights,2,0
14,2018-10-05,Carolina Hurricanes,3,Columbus Blue Jackets,1,0
15,2018-10-05,San Jose Sharks,3,Los Angeles Kings,2,0
16,2018-10-06,Anaheim Ducks,1,Arizona Coyotes,0,0
17,2018-10-06,New York Rangers,1,Buffalo Sabres,3,1
18,2018-10-06,Vancouver Canucks,4,Calgary Flames,7,1
19,2018-10-06,Philadelphia Flyers,2,Colorado Avalanche,5,1
20,2018-10-06,Winnipeg Jets,1,Dallas Stars,5,1
21,2018-10-06,Vegas Golden Knights,2,Minnesota Wild,1,0
22,2018-10-06,Edmonton Oilers,2,New Jersey Devils,5,1
23,2018-10-06,Nashville Predators,4,New York Islanders,3,0
24,2018-10-06,Montreal Canadiens,5,Pittsburgh Penguins,1,0
25,2018-10-06,Chicago Blackhawks,5,St. Louis Blues,4,0
26,2018-10-06,Florida Panthers,1,Tampa Bay Lightning,2,1
27,2018-10-06,Ottawa Senators,5,Toronto Maple Leafs,3,0
28,2018-10-07,New York Rangers,5,Carolina Hurricanes,8,1
29,2018-10-07,Toronto Maple Leafs,7,Chicago Blackhawks,6,0
30,2018-10-07,Detroit Red Wings,2,Los Angeles Kings,4,1
31,2018-10-08,Detroit Red Wings,2,Anaheim Ducks,3,1
32,2018-10-08,Ottawa Senators,3,Boston Bruins,6,1
33,2018-10-08,Vegas Golden Knights,2,Buffalo Sabres,4,1
34,2018-10-08,San Jose Sharks,0,New York Islanders,4,1
35,2018-10-09,Vancouver Canucks,3,Carolina Hurricanes,5,1
36,2018-10-09,Colorado Avalanche,2,Columbus Blue Jackets,5,1
37,2018-10-09,Toronto Maple Leafs,7,Dallas Stars,4,0
38,2018-10-09,Calgary Flames,3,Nashville Predators,0,0
39,2018-10-09,San Jose Sharks,8,Philadelphia Flyers,2,0
40,2018-10-09,Los Angeles Kings,1,Winnipeg Jets,2,1
41,2018-10-10,Arizona Coyotes,3,Anaheim Ducks,2,0
42,2018-10-10,Philadelphia Flyers,7,Ottawa Senators,4,0
43,2018-10-10,Vegas Golden Knights,2,Washington Capitals,5,1
44,2018-10-11,Edmonton Oilers,1,Boston Bruins,4,1
45,2018-10-11,Colorado Avalanche,6,Buffalo Sabres,1,0
46,2018-10-11,Toronto Maple Leafs,5,Detroit Red Wings,3,0
47,2018-10-11,Columbus Blue Jackets,5,Florida Panthers,4,0
48,2018-10-11,Chicago Blackhawks,3,Minnesota Wild,4,1
49,2018-10-11,Los Angeles Kings,3,Montreal Canadiens,0,0
50,2018-10-11,Washington Capitals,0,New Jersey Devils,6,1
51,2018-10-11,Winnipeg Jets,0,Nashville Predators,3,1
52,2018-10-11,San Jose Sharks,2,New York Rangers,3,1
53,2018-10-11,Vegas Golden Knights,2,Pittsburgh Penguins,4,1
54,2018-10-11,Calgary Flames,3,St. Louis Blues,5,1
55,2018-10-11,Vancouver Canucks,4,Tampa Bay Lightning,1,0
56,2018-10-13,Buffalo Sabres,3,Arizona Coyotes,0,0
57,2018-10-13,Detroit Red Wings,2,Boston Bruins,8,1
58,2018-10-13,St. Louis Blues,3,Chicago Blackhawks,4,1
59,2018-10-13,Calgary Flames,3,Colorado Avalanche,2,0
60,2018-10-13,Anaheim Ducks,3,Dallas Stars,5,1
61,2018-10-13,Vancouver Canucks,3,Florida Panthers,2,0
62,2018-10-13,Carolina Hurricanes,5,Minnesota Wild,4,0
63,2018-10-13,Pittsburgh Penguins,3,Montreal Canadiens,4,1
64,2018-10-13,New York Islanders,2,Nashville Predators,5,1
65,2018-10-13,Edmonton Oilers,2,New York Rangers,1,0
66,2018-10-13,Los Angeles Kings,1,Ottawa Senators,5,1
67,2018-10-13,Vegas Golden Knights,1,Philadelphia Flyers,0,0
68,2018-10-13,Columbus Blue Jackets,2,Tampa Bay Lightning,8,1
69,2018-10-13,Toronto Maple Leafs,4,Washington Capitals,2,0
70,2018-10-14,San Jose Sharks,2,New Jersey Devils,3,1
71,2018-10-14,Anaheim Ducks,3,St. Louis Blues,2,0
72,2018-10-14,Carolina Hurricanes,1,Winnipeg Jets,3,1
73,2018-10-15,Detroit Red Wings,3,Montreal Canadiens,7,1
74,2018-10-15,Minnesota Wild,2,Nashville Predators,4,1
75,2018-10-15,Dallas Stars,1,Ottawa Senators,4,1
76,2018-10-15,Los Angeles Kings,1,Toronto Maple Leafs,4,1
77,2018-10-16,Arizona Coyotes,1,Minnesota Wild,2,1
78,2018-10-16,Dallas Stars,0,New Jersey Devils,3,1
79,2018-10-16,Colorado Avalanche,2,New York Rangers,3,1
80,2018-10-16,Florida Panthers,5,Philadelphia Flyers,6,1
81,2018-10-16,Vancouver Canucks,3,Pittsburgh Penguins,2,0
82,2018-10-16,Carolina Hurricanes,2,Tampa Bay Lightning,4,1
83,2018-10-16,Buffalo Sabres,1,Vegas Golden Knights,4,1
84,2018-10-16,Edmonton Oilers,5,Winnipeg Jets,4,0
85,2018-10-17,New York Islanders,1,Anaheim Ducks,4,1
86,2018-10-17,Boston Bruins,2,Calgary Flames,5,1
87,2018-10-17,St. Louis Blues,2,Montreal Canadiens,3,1
88,2018-10-17,New York Rangers,3,Washington Capitals,4,1
89,2018-10-18,Philadelphia Flyers,3,Columbus Blue Jackets,6,1
90,2018-10-18,Arizona Coyotes,4,Chicago Blackhawks,1,0
91,2018-10-18,Boston Bruins,2,Edmonton Oilers,3,1
92,2018-10-18,New York Islanders,7,Los Angeles Kings,2,0
93,2018-10-18,Colorado Avalanche,5,New Jersey Devils,3,0
94,2018-10-18,Buffalo Sabres,1,San Jose Sharks,5,1
95,2018-10-18,Detroit Red Wings,1,Tampa Bay Lightning,3,1
96,2018-10-18,Pittsburgh Penguins,3,Toronto Maple Leafs,0,0
97,2018-10-18,Vancouver Canucks,1,Winnipeg Jets,4,1
98,2018-10-19,Nashville Predators,5,Calgary Flames,3,0
99,2018-10-19,Minnesota Wild,3,Dallas Stars,1,0
100,2018-10-19,Florida Panthers,6,Washington Capitals,5,0
101,2018-10-20,Colorado Avalanche,3,Carolina Hurricanes,1,0
102,2018-10-20,Chicago Blackhawks,4,Columbus Blue Jackets,1,0
103,2018-10-20,Nashville Predators,3,Edmonton Oilers,0,0
104,2018-10-20,Detroit Red Wings,4,Florida Panthers,3,0
105,2018-10-20,Buffalo Sabres,5,Los Angeles Kings,1,0
106,2018-10-20,Tampa Bay Lightning,4,Minnesota Wild,5,1
107,2018-10-20,Montreal Canadiens,3,Ottawa Senators,4,1
108,2018-10-20,New Jersey Devils,2,Philadelphia Flyers,5,1
109,2018-10-20,New York Islanders,1,San Jose Sharks,4,1
110,2018-10-20,St. Louis Blues,4,Toronto Maple Leafs,1,0
111,2018-10-20,Boston Bruins,1,Vancouver Canucks,2,1
112,2018-10-20,Anaheim Ducks,1,Vegas Golden Knights,3,1
113,2018-10-20,Arizona Coyotes,3,Winnipeg Jets,5,1
114,2018-10-21,Buffalo Sabres,4,Anaheim Ducks,2,0
115,2018-10-21,Tampa Bay Lightning,6,Chicago Blackhawks,3,0
116,2018-10-21,Calgary Flames,4,New York Rangers,1,0
117,2018-10-22,Carolina Hurricanes,3,Detroit Red Wings,1,0
118,2018-10-22,Colorado Avalanche,4,Philadelphia Flyers,1,0
119,2018-10-22,Washington Capitals,5,Vancouver Canucks,2,0
120,2018-10-22,St. Louis Blues,4,Winnipeg Jets,5,1
121,2018-10-23,Arizona Coyotes,4,Columbus Blue Jackets,1,0
122,2018-10-23,Anaheim Ducks,1,Chicago Blackhawks,3,1
123,2018-10-23,Los Angeles Kings,2,Dallas Stars,4,1
124,2018-10-23,Pittsburgh Penguins,6,Edmonton Oilers,5,0
125,2018-10-23,Calgary Flames,2,Montreal Canadiens,3,1
126,2018-10-23,San Jose Sharks,5,Nashville Predators,4,0
127,2018-10-23,Florida Panthers,2,New York Rangers,5,1
128,2018-10-23,Boston Bruins,4,Ottawa Senators,1,0
129,2018-10-24,Tampa Bay Lightning,1,Colorado Avalanche,0,0
130,2018-10-24,Florida Panthers,3,New York Islanders,2,0
131,2018-10-24,Vancouver Canucks,3,Vegas Golden Knights,2,0
132,2018-10-24,Toronto Maple Leafs,4,Winnipeg Jets,2,0
133,2018-10-25,Vancouver Canucks,1,Arizona Coyotes,4,1
134,2018-10-25,Philadelphia Flyers,0,Boston Bruins,3,1
135,2018-10-25,Montreal Canadiens,3,Buffalo Sabres,4,1
136,2018-10-25,Pittsburgh Penguins,9,Calgary Flames,1,0
137,2018-10-25,New York Rangers,1,Chicago Blackhawks,4,1
138,2018-10-25,Anaheim Ducks,2,Dallas Stars,5,1
139,2018-10-25,Washington Capitals,1,Edmonton Oilers,4,1
140,2018-10-25,Los Angeles Kings,1,Minnesota Wild,4,1
141,2018-10-25,Nashville Predators,4,New Jersey Devils,3,0
142,2018-10-25,Columbus Blue Jackets,7,St. Louis Blues,4,0
143,2018-10-26,San Jose Sharks,3,Carolina Hurricanes,4,1
144,2018-10-26,Ottawa Senators,3,Colorado Avalanche,6,1
145,2018-10-26,Winnipeg Jets,2,Detroit Red Wings,1,0
146,2018-10-26,Tampa Bay Lightning,3,Vegas Golden Knights,2,0
147,2018-10-27,Tampa Bay Lightning,1,Arizona Coyotes,7,1
148,2018-10-27,Montreal Canadiens,3,Boston Bruins,0,0
149,2018-10-27,Buffalo Sabres,4,Columbus Blue Jackets,5,1
150,2018-10-27,Washington Capitals,4,Calgary Flames,3,0
151,2018-10-27,Colorado Avalanche,2,Minnesota Wild,3,1
152,2018-10-27,Florida Panthers,2,New Jersey Devils,3,1
153,2018-10-27,Edmonton Oilers,5,Nashville Predators,3,0
154,2018-10-27,New York Islanders,6,Philadelphia Flyers,1,0
155,2018-10-27,Chicago Blackhawks,3,St. Louis Blues,7,1
156,2018-10-27,Winnipeg Jets,2,Toronto Maple Leafs,3,1
157,2018-10-27,Pittsburgh Penguins,5,Vancouver Canucks,0,0
158,2018-10-28,San Jose Sharks,4,Anaheim Ducks,3,0
159,2018-10-28,New York Islanders,2,Carolina Hurricanes,1,0
160,2018-10-28,Edmonton Oilers,2,Chicago Blackhawks,1,0
161,2018-10-28,Dallas Stars,2,Detroit Red Wings,4,1
162,2018-10-28,New York Rangers,3,Los Angeles Kings,4,1
163,2018-10-28,Ottawa Senators,3,Vegas Golden Knights,4,1
164,2018-10-29,Calgary Flames,3,Toronto Maple Leafs,1,0
165,2018-10-29,Minnesota Wild,2,Vancouver Canucks,5,1
166,2018-10-30,Philadelphia Flyers,3,Anaheim Ducks,2,0
167,2018-10-30,Ottawa Senators,1,Arizona Coyotes,5,1
168,2018-10-30,Calgary Flames,2,Buffalo Sabres,1,0
169,2018-10-30,Boston Bruins,3,Carolina Hurricanes,2,0
170,2018-10-30,Detroit Red Wings,5,Columbus Blue Jackets,3,0
171,2018-10-30,Minnesota Wild,4,Edmonton Oilers,3,0
172,2018-10-30,Dallas Stars,4,Montreal Canadiens,1,0
173,2018-10-30,Vegas Golden Knights,1,Nashville Predators,4,1
174,2018-10-30,New York Islanders,6,Pittsburgh Penguins,3,0
175,2018-10-30,New York Rangers,4,San Jose Sharks,3,0
176,2018-10-30,New Jersey Devils,3,Tampa Bay Lightning,8,1
177,2018-10-31,Chicago Blackhawks,2,Vancouver Canucks,4,1
178,2018-11-01,New York Rangers,3,Anaheim Ducks,2,0
179,2018-11-01,Colorado Avalanche,5,Calgary Flames,6,1
180,2018-11-01,New Jersey Devils,3,Detroit Red Wings,4,1
181,2018-11-01,Chicago Blackhawks,0,Edmonton Oilers,4,1
182,2018-11-01,Winnipeg Jets,4,Florida Panthers,2,0
183,2018-11-01,Philadelphia Flyers,5,Los Angeles Kings,2,0
184,2018-11-01,Washington Capitals,4,Montreal Canadiens,6,1
185,2018-11-01,Pittsburgh Penguins,2,New York Islanders,3,1
186,2018-11-01,Buffalo Sabres,2,Ottawa Senators,4,1
187,2018-11-01,Columbus Blue Jackets,4,San Jose Sharks,1,0
188,2018-11-01,Vegas Golden Knights,3,St. Louis Blues,5,1
189,2018-11-01,Nashville Predators,4,Tampa Bay Lightning,1,0
190,2018-11-01,Dallas Stars,2,Toronto Maple Leafs,1,0
191,2018-11-02,Carolina Hurricanes,3,Arizona Coyotes,4,1
192,2018-11-02,Colorado Avalanche,6,Vancouver Canucks,7,1
193,2018-11-02,Florida Panthers,4,Winnipeg Jets,2,0
194,2018-11-03,Ottawa Senators,2,Buffalo Sabres,9,1
195,2018-11-03,Chicago Blackhawks,3,Calgary Flames,5,1
196,2018-11-03,Edmonton Oilers,4,Detroit Red Wings,3,0
197,2018-11-03,Columbus Blue Jackets,1,Los Angeles Kings,4,1
198,2018-11-03,Tampa Bay Lightning,4,Montreal Canadiens,1,0
199,2018-11-03,Boston Bruins,0,Nashville Predators,1,1
200,2018-11-03,New Jersey Devils,0,New York Islanders,3,1
201,2018-11-03,Toronto Maple Leafs,5,Pittsburgh Penguins,0,0
202,2018-11-03,Philadelphia Flyers,3,San Jose Sharks,4,1
203,2018-11-03,Minnesota Wild,5,St. Louis Blues,1,0
204,2018-11-03,Carolina Hurricanes,0,Vegas Golden Knights,3,1
205,2018-11-03,Dallas Stars,4,Washington Capitals,3,0
206,2018-11-04,Columbus Blue Jackets,2,Anaheim Ducks,3,1
207,2018-11-04,Buffalo Sabres,1,New York Rangers,3,1
208,2018-11-04,Tampa Bay Lightning,4,Ottawa Senators,3,0
209,2018-11-05,Philadelphia Flyers,5,Arizona Coyotes,2,0
210,2018-11-05,Dallas Stars,1,Boston Bruins,2,1
211,2018-11-05,Montreal Canadiens,4,New York Islanders,3,0
212,2018-11-05,New Jersey Devils,5,Pittsburgh Penguins,1,0
213,2018-11-05,Edmonton Oilers,2,Washington Capitals,4,1
214,2018-11-06,Dallas Stars,1,Columbus Blue Jackets,4,1
215,2018-11-06,Vancouver Canucks,2,Detroit Red Wings,3,1
216,2018-11-06,Anaheim Ducks,1,Los Angeles Kings,4,1
217,2018-11-06,Montreal Canadiens,3,New York Rangers,5,1
218,2018-11-06,New Jersey Devils,3,Ottawa Senators,7,1
219,2018-11-06,Minnesota Wild,3,San Jose Sharks,4,1
220,2018-11-06,Carolina Hurricanes,1,St. Louis Blues,4,1
221,2018-11-06,Edmonton Oilers,2,Tampa Bay Lightning,5,1
222,2018-11-06,Vegas Golden Knights,1,Toronto Maple Leafs,3,1
223,2018-11-07,Calgary Flames,2,Anaheim Ducks,3,1
224,2018-11-07,Nashville Predators,4,Colorado Avalanche,1,0
225,2018-11-07,Pittsburgh Penguins,1,Washington Capitals,2,1
226,2018-11-08,Vancouver Canucks,8,Boston Bruins,5,0
227,2018-11-08,Carolina Hurricanes,4,Chicago Blackhawks,3,0
228,2018-11-08,San Jose Sharks,3,Dallas Stars,4,1
229,2018-11-08,Edmonton Oilers,1,Florida Panthers,4,1
230,2018-11-08,Minnesota Wild,3,Los Angeles Kings,1,0
231,2018-11-08,Buffalo Sabres,6,Montreal Canadiens,5,0
232,2018-11-08,Vegas Golden Knights,5,Ottawa Senators,3,0
233,2018-11-08,Arizona Coyotes,4,Philadelphia Flyers,5,1
234,2018-11-08,New York Islanders,2,Tampa Bay Lightning,4,1
235,2018-11-09,Minnesota Wild,5,Anaheim Ducks,1,0
236,2018-11-09,New York Rangers,2,Detroit Red Wings,3,1
237,2018-11-09,San Jose Sharks,0,St. Louis Blues,4,1
238,2018-11-09,New Jersey Devils,1,Toronto Maple Leafs,6,1
239,2018-11-09,Colorado Avalanche,2,Winnipeg Jets,5,1
240,2018-11-09,Columbus Blue Jackets,2,Washington Capitals,1,0
241,2018-11-10,Toronto Maple Leafs,1,Boston Bruins,5,1
242,2018-11-10,Vancouver Canucks,3,Buffalo Sabres,4,1
243,2018-11-10,Detroit Red Wings,4,Carolina Hurricanes,3,0
244,2018-11-10,New York Rangers,5,Columbus Blue Jackets,4,0
245,2018-11-10,Nashville Predators,5,Dallas Stars,4,0
246,2018-11-10,New York Islanders,2,Florida Panthers,4,1
247,2018-11-10,Calgary Flames,1,Los Angeles Kings,0,0
248,2018-11-10,Vegas Golden Knights,4,Montreal Canadiens,5,1
249,2018-11-10,Chicago Blackhawks,0,Philadelphia Flyers,4,1
250,2018-11-10,Arizona Coyotes,0,Pittsburgh Penguins,4,1
251,2018-11-10,Ottawa Senators,6,Tampa Bay Lightning,4,0
252,2018-11-11,Vegas Golden Knights,1,Boston Bruins,4,1
253,2018-11-11,Colorado Avalanche,4,Edmonton Oilers,1,0
254,2018-11-11,Ottawa Senators,1,Florida Panthers,5,1
255,2018-11-11,Calgary Flames,1,San Jose Sharks,3,1
256,2018-11-11,Minnesota Wild,3,St. Louis Blues,2,0
257,2018-11-11,New Jersey Devils,2,Winnipeg Jets,5,1
258,2018-11-11,Arizona Coyotes,4,Washington Capitals,1,0
259,2018-11-12,Nashville Predators,1,Anaheim Ducks,2,1
260,2018-11-12,Chicago Blackhawks,2,Carolina Hurricanes,3,1
261,2018-11-12,Columbus Blue Jackets,2,Dallas Stars,1,0
262,2018-11-12,Vancouver Canucks,1,New York Rangers,2,1
263,2018-11-13,Tampa Bay Lightning,1,Buffalo Sabres,2,1
264,2018-11-13,Arizona Coyotes,1,Detroit Red Wings,6,1
265,2018-11-13,Montreal Canadiens,2,Edmonton Oilers,6,1
266,2018-11-13,Toronto Maple Leafs,5,Los Angeles Kings,1,0
267,2018-11-13,Washington Capitals,5,Minnesota Wild,2,0
268,2018-11-13,Pittsburgh Penguins,2,New Jersey Devils,4,1
269,2018-11-13,Vancouver Canucks,2,New York Islanders,5,1
270,2018-11-13,Florida Panthers,2,Philadelphia Flyers,1,0
271,2018-11-13,Nashville Predators,4,San Jose Sharks,5,1
272,2018-11-14,St. Louis Blues,0,Chicago Blackhawks,1,1
273,2018-11-14,Boston Bruins,3,Colorado Avalanche,6,1
274,2018-11-14,Anaheim Ducks,0,Vegas Golden Knights,5,1
275,2018-11-14,Washington Capitals,1,Winnipeg Jets,3,1
276,2018-11-15,Nashville Predators,1,Arizona Coyotes,2,1
277,2018-11-15,Florida Panthers,3,Columbus Blue Jackets,7,1
278,2018-11-15,Montreal Canadiens,3,Calgary Flames,2,0
279,2018-11-15,Vancouver Canucks,2,Minnesota Wild,6,1
280,2018-11-15,New York Rangers,5,New York Islanders,7,1
281,2018-11-15,Detroit Red Wings,1,Ottawa Senators,2,1
282,2018-11-15,New Jersey Devils,3,Philadelphia Flyers,0,0
283,2018-11-15,Tampa Bay Lightning,4,Pittsburgh Penguins,3,0
284,2018-11-15,Toronto Maple Leafs,5,San Jose Sharks,3,0
285,2018-11-16,Toronto Maple Leafs,2,Anaheim Ducks,1,0
286,2018-11-16,Los Angeles Kings,2,Chicago Blackhawks,1,0
287,2018-11-16,Washington Capitals,3,Colorado Avalanche,2,0
288,2018-11-16,Boston Bruins,0,Dallas Stars,1,1
289,2018-11-16,St. Louis Blues,4,Vegas Golden Knights,1,0
290,2018-11-16,Buffalo Sabres,2,Winnipeg Jets,1,0
291,2018-11-17,Boston Bruins,2,Arizona Coyotes,1,0
292,2018-11-17,Columbus Blue Jackets,4,Carolina Hurricanes,1,0
293,2018-11-17,Edmonton Oilers,2,Calgary Flames,4,1
294,2018-11-17,Buffalo Sabres,3,Minnesota Wild,2,0
295,2018-11-17,Detroit Red Wings,3,New Jersey Devils,2,0
296,2018-11-17,Los Angeles Kings,3,Nashville Predators,5,1
297,2018-11-17,Florida Panthers,2,New York Rangers,4,1
298,2018-11-17,Pittsburgh Penguins,4,Ottawa Senators,6,1
299,2018-11-17,Tampa Bay Lightning,6,Philadelphia Flyers,5,0
300,2018-11-17,St. Louis Blues,0,San Jose Sharks,4,1
301,2018-11-17,Montreal Canadiens,3,Vancouver Canucks,2,0
302,2018-11-18,Colorado Avalanche,4,Anaheim Ducks,3,0
303,2018-11-18,New Jersey Devils,1,Carolina Hurricanes,2,1
304,2018-11-18,Minnesota Wild,1,Chicago Blackhawks,3,1
305,2018-11-18,Vegas Golden Knights,6,Edmonton Oilers,3,0
306,2018-11-18,Dallas Stars,6,New York Islanders,2,0
307,2018-11-19,Vegas Golden Knights,2,Calgary Flames,7,1
308,2018-11-19,Washington Capitals,5,Montreal Canadiens,4,0
309,2018-11-19,Tampa Bay Lightning,2,Nashville Predators,3,1
310,2018-11-19,Dallas Stars,1,New York Rangers,2,1
311,2018-11-19,Florida Panthers,7,Ottawa Senators,5,0
312,2018-11-19,Buffalo Sabres,5,Pittsburgh Penguins,4,0
313,2018-11-19,Los Angeles Kings,2,St. Louis Blues,0,0
314,2018-11-19,Columbus Blue Jackets,2,Toronto Maple Leafs,4,1
315,2018-11-19,Winnipeg Jets,6,Vancouver Canucks,3,0
316,2018-11-20,Edmonton Oilers,4,San Jose Sharks,3,0
317,2018-11-21,Vancouver Canucks,3,Anaheim Ducks,4,1
318,2018-11-21,Vegas Golden Knights,3,Arizona Coyotes,2,0
319,2018-11-21,Philadelphia Flyers,2,Buffalo Sabres,5,1
320,2018-11-21,Toronto Maple Leafs,2,Carolina Hurricanes,5,1
321,2018-11-21,Winnipeg Jets,3,Calgary Flames,6,1
322,2018-11-21,Boston Bruins,2,Detroit Red Wings,3,1
323,2018-11-21,Colorado Avalanche,7,Los Angeles Kings,3,0
324,2018-11-21,Ottawa Senators,4,Minnesota Wild,6,1
325,2018-11-21,Montreal Canadiens,2,New Jersey Devils,5,1
326,2018-11-21,St. Louis Blues,1,Nashville Predators,4,1
327,2018-11-21,New York Islanders,0,New York Rangers,5,1
328,2018-11-21,Dallas Stars,1,Pittsburgh Penguins,5,1
329,2018-11-21,Florida Panthers,3,Tampa Bay Lightning,7,1
330,2018-11-21,Chicago Blackhawks,2,Washington Capitals,4,1
331,2018-11-23,Edmonton Oilers,1,Anaheim Ducks,2,1
332,2018-11-23,Colorado Avalanche,5,Arizona Coyotes,1,0
333,2018-11-23,Pittsburgh Penguins,1,Boston Bruins,2,1
334,2018-11-23,Montreal Canadiens,2,Buffalo Sabres,3,1
335,2018-11-23,Florida Panthers,1,Carolina Hurricanes,4,1
336,2018-11-23,Toronto Maple Leafs,2,Columbus Blue Jackets,4,1
337,2018-11-23,Ottawa Senators,4,Dallas Stars,6,1
338,2018-11-23,Winnipeg Jets,2,Minnesota Wild,4,1
339,2018-11-23,New York Islanders,4,New Jersey Devils,3,0
340,2018-11-23,New York Rangers,0,Philadelphia Flyers,4,1
341,2018-11-23,Vancouver Canucks,0,San Jose Sharks,4,1
342,2018-11-23,Nashville Predators,2,St. Louis Blues,6,1
343,2018-11-23,Chicago Blackhawks,2,Tampa Bay Lightning,4,1
344,2018-11-23,Calgary Flames,0,Vegas Golden Knights,2,1
345,2018-11-23,Detroit Red Wings,1,Washington Capitals,3,1
346,2018-11-24,Dallas Stars,2,Colorado Avalanche,3,1
347,2018-11-24,Buffalo Sabres,3,Detroit Red Wings,2,0
348,2018-11-24,Chicago Blackhawks,5,Florida Panthers,4,0
349,2018-11-24,Vancouver Canucks,4,Los Angeles Kings,2,0
350,2018-11-24,Boston Bruins,3,Montreal Canadiens,2,0
351,2018-11-24,Carolina Hurricanes,1,New York Islanders,4,1
352,2018-11-24,Washington Capitals,5,New York Rangers,3,0
353,2018-11-24,Columbus Blue Jackets,2,Pittsburgh Penguins,4,1
354,2018-11-24,Winnipeg Jets,8,St. Louis Blues,4,0
355,2018-11-24,Philadelphia Flyers,0,Toronto Maple Leafs,6,1
356,2018-11-24,San Jose Sharks,0,Vegas Golden Knights,6,1
357,2018-11-25,Calgary Flames,6,Arizona Coyotes,1,0
358,2018-11-25,Edmonton Oilers,2,Los Angeles Kings,5,1
359,2018-11-25,Anaheim Ducks,2,Nashville Predators,5,1
360,2018-11-25,New Jersey Devils,2,Tampa Bay Lightning,5,1
361,2018-11-26,Columbus Blue Jackets,7,Detroit Red Wings,5,0
362,2018-11-26,New Jersey Devils,3,Florida Panthers,4,1
363,2018-11-26,Washington Capitals,4,New York Islanders,1,0
364,2018-11-26,Ottawa Senators,2,New York Rangers,4,1
365,2018-11-26,Boston Bruins,2,Toronto Maple Leafs,4,1
366,2018-11-27,San Jose Sharks,2,Buffalo Sabres,3,1
367,2018-11-27,Vegas Golden Knights,8,Chicago Blackhawks,3,0
368,2018-11-27,Dallas Stars,0,Edmonton Oilers,1,1
369,2018-11-27,Arizona Coyotes,4,Minnesota Wild,3,0
370,2018-11-27,Carolina Hurricanes,2,Montreal Canadiens,1,0
371,2018-11-27,Colorado Avalanche,3,Nashville Predators,2,0
372,2018-11-27,Ottawa Senators,4,Philadelphia Flyers,3,0
373,2018-11-27,Anaheim Ducks,3,Tampa Bay Lightning,1,0
374,2018-11-27,Los Angeles Kings,2,Vancouver Canucks,1,0
375,2018-11-27,Pittsburgh Penguins,4,Winnipeg Jets,3,0
376,2018-11-28,Dallas Stars,4,Calgary Flames,3,0
377,2018-11-28,Pittsburgh Penguins,3,Colorado Avalanche,6,1
378,2018-11-28,St. Louis Blues,3,Detroit Red Wings,4,1
379,2018-11-28,Anaheim Ducks,3,Florida Panthers,2,0
380,2018-11-28,San Jose Sharks,3,Toronto Maple Leafs,5,1
381,2018-11-29,New York Islanders,1,Boston Bruins,2,1
382,2018-11-29,Minnesota Wild,2,Columbus Blue Jackets,4,1
383,2018-11-29,Los Angeles Kings,2,Edmonton Oilers,3,1
384,2018-11-29,Arizona Coyotes,3,Nashville Predators,0,0
385,2018-11-29,New York Rangers,0,Ottawa Senators,3,1
386,2018-11-29,Buffalo Sabres,4,Tampa Bay Lightning,5,1
387,2018-11-29,Vegas Golden Knights,4,Vancouver Canucks,3,0
388,2018-11-29,Chicago Blackhawks,5,Winnipeg Jets,6,1
389,2018-11-30,Anaheim Ducks,2,Carolina Hurricanes,1,0
390,2018-11-30,Los Angeles Kings,1,Calgary Flames,4,1
391,2018-11-30,St. Louis Blues,3,Colorado Avalanche,2,0
392,2018-11-30,Buffalo Sabres,2,Florida Panthers,3,1
393,2018-11-30,New Jersey Devils,3,Washington Capitals,6,1
394,2018-12-01,St. Louis Blues,1,Arizona Coyotes,6,1
395,2018-12-01,Detroit Red Wings,4,Boston Bruins,2,0
396,2018-12-01,Vegas Golden Knights,1,Edmonton Oilers,2,1
397,2018-12-01,Tampa Bay Lightning,5,Florida Panthers,4,0
398,2018-12-01,Toronto Maple Leafs,5,Minnesota Wild,3,0
399,2018-12-01,New York Rangers,2,Montreal Canadiens,5,1
400,2018-12-01,Winnipeg Jets,4,New Jersey Devils,3,0
401,2018-12-01,Chicago Blackhawks,2,Nashville Predators,5,1
402,2018-12-01,Columbus Blue Jackets,2,New York Islanders,3,1
403,2018-12-01,San Jose Sharks,2,Ottawa Senators,6,1
404,2018-12-01,Philadelphia Flyers,4,Pittsburgh Penguins,2,0
405,2018-12-01,Dallas Stars,2,Vancouver Canucks,1,0
406,2018-12-02,Calgary Flames,3,Chicago Blackhawks,2,0
407,2018-12-02,Colorado Avalanche,2,Detroit Red Wings,0,0
408,2018-12-02,Carolina Hurricanes,0,Los Angeles Kings,2,1
409,2018-12-02,San Jose Sharks,3,Montreal Canadiens,1,0
410,2018-12-02,Winnipeg Jets,4,New York Rangers,3,0
411,2018-12-02,Anaheim Ducks,6,Washington Capitals,5,0
412,2018-12-03,Edmonton Oilers,1,Dallas Stars,4,1
413,2018-12-03,Tampa Bay Lightning,5,New Jersey Devils,1,0
414,2018-12-03,Buffalo Sabres,1,Nashville Predators,2,1
415,2018-12-04,Toronto Maple Leafs,4,Buffalo Sabres,3,0
416,2018-12-04,Calgary Flames,9,Columbus Blue Jackets,6,0
417,2018-12-04,Tampa Bay Lightning,6,Detroit Red Wings,5,0
418,2018-12-04,Boston Bruins,0,Florida Panthers,5,1
419,2018-12-04,Arizona Coyotes,2,Los Angeles Kings,1,0
420,2018-12-04,Ottawa Senators,2,Montreal Canadiens,5,1
421,2018-12-04,Winnipeg Jets,3,New York Islanders,1,0
422,2018-12-04,Colorado Avalanche,3,Pittsburgh Penguins,6,1
423,2018-12-04,Minnesota Wild,3,Vancouver Canucks,2,0
424,2018-12-04,Washington Capitals,3,Vegas Golden Knights,5,1
425,2018-12-05,Chicago Blackhawks,2,Anaheim Ducks,4,1
426,2018-12-05,Carolina Hurricanes,1,San Jose Sharks,5,1
427,2018-12-05,Edmonton Oilers,3,St. Louis Blues,2,0
428,2018-12-06,Washington Capitals,4,Arizona Coyotes,2,0
429,2018-12-06,Minnesota Wild,0,Calgary Flames,2,1
430,2018-12-06,Colorado Avalanche,5,Florida Panthers,2,0
431,2018-12-06,New Jersey Devils,6,Los Angeles Kings,3,0
432,2018-12-06,Montreal Canadiens,5,Ottawa Senators,2,0
433,2018-12-06,Columbus Blue Jackets,4,Philadelphia Flyers,3,0
434,2018-12-06,New York Islanders,2,Pittsburgh Penguins,6,1
435,2018-12-06,Boston Bruins,2,Tampa Bay Lightning,3,1
436,2018-12-06,Detroit Red Wings,5,Toronto Maple Leafs,4,0
437,2018-12-06,Nashville Predators,3,Vancouver Canucks,5,1
438,2018-12-06,Chicago Blackhawks,3,Vegas Golden Knights,4,1
439,2018-12-07,Carolina Hurricanes,4,Anaheim Ducks,1,0
440,2018-12-07,San Jose Sharks,2,Dallas Stars,3,1
441,2018-12-07,Minnesota Wild,2,Edmonton Oilers,7,1
442,2018-12-07,St. Louis Blues,1,Winnipeg Jets,0,0
443,2018-12-08,San Jose Sharks,5,Arizona Coyotes,3,0
444,2018-12-08,Toronto Maple Leafs,3,Boston Bruins,6,1
445,2018-12-08,Philadelphia Flyers,6,Buffalo Sabres,2,0
446,2018-12-08,Washington Capitals,4,Columbus Blue Jackets,0,0
447,2018-12-08,Nashville Predators,2,Calgary Flames,5,1
448,2018-12-08,New York Islanders,3,Detroit Red Wings,2,0
449,2018-12-08,New York Rangers,5,Florida Panthers,4,0
450,2018-12-08,Vegas Golden Knights,1,Los Angeles Kings,5,1
451,2018-12-08,Pittsburgh Penguins,1,Ottawa Senators,2,1
452,2018-12-08,Colorado Avalanche,1,Tampa Bay Lightning,7,1
453,2018-12-09,New Jersey Devils,5,Anaheim Ducks,6,1
454,2018-12-09,Montreal Canadiens,3,Chicago Blackhawks,2,0
455,2018-12-09,Calgary Flames,0,Edmonton Oilers,1,1
456,2018-12-09,Boston Bruins,2,Ottawa Senators,1,0
457,2018-12-09,Vancouver Canucks,6,St. Louis Blues,1,0
458,2018-12-09,Dallas Stars,2,Vegas Golden Knights,4,1
459,2018-12-09,Philadelphia Flyers,1,Winnipeg Jets,7,1
460,2018-12-10,Los Angeles Kings,1,Detroit Red Wings,3,1
461,2018-12-10,Pittsburgh Penguins,2,New York Islanders,1,0
462,2018-12-10,New Jersey Devils,2,San Jose Sharks,5,1
463,2018-12-10,New York Rangers,3,Tampa Bay Lightning,6,1
464,2018-12-11,Arizona Coyotes,3,Boston Bruins,4,1
465,2018-12-11,Los Angeles Kings,3,Buffalo Sabres,4,1
466,2018-12-11,Toronto Maple Leafs,4,Carolina Hurricanes,1,0
467,2018-12-11,Vancouver Canucks,3,Columbus Blue Jackets,2,0
468,2018-12-11,Edmonton Oilers,6,Colorado Avalanche,4,0
469,2018-12-11,Montreal Canadiens,1,Minnesota Wild,7,1
470,2018-12-11,Ottawa Senators,1,Nashville Predators,3,1
471,2018-12-11,Florida Panthers,3,St. Louis Blues,4,1
472,2018-12-11,Chicago Blackhawks,3,Winnipeg Jets,6,1
473,2018-12-11,Detroit Red Wings,2,Washington Capitals,6,1
474,2018-12-12,Dallas Stars,3,Anaheim Ducks,6,1
475,2018-12-12,Philadelphia Flyers,5,Calgary Flames,6,1
476,2018-12-12,Pittsburgh Penguins,3,Chicago Blackhawks,6,1
477,2018-12-12,Vegas Golden Knights,3,New York Islanders,2,0
478,2018-12-13,Arizona Coyotes,1,Buffalo Sabres,3,1
479,2018-12-13,Los Angeles Kings,1,Columbus Blue Jackets,4,1
480,2018-12-13,Florida Panthers,1,Minnesota Wild,5,1
481,2018-12-13,Carolina Hurricanes,4,Montreal Canadiens,6,1
482,2018-12-13,Vancouver Canucks,3,Nashville Predators,4,1
483,2018-12-13,Dallas Stars,2,San Jose Sharks,3,1
484,2018-12-13,Toronto Maple Leafs,1,Tampa Bay Lightning,4,1
485,2018-12-13,Edmonton Oilers,4,Winnipeg Jets,5,1
486,2018-12-14,Washington Capitals,6,Carolina Hurricanes,5,0
487,2018-12-14,Winnipeg Jets,4,Chicago Blackhawks,3,0
488,2018-12-14,Ottawa Senators,4,Detroit Red Wings,2,0
489,2018-12-14,Philadelphia Flyers,1,Edmonton Oilers,4,1
490,2018-12-14,Vegas Golden Knights,4,New Jersey Devils,5,1
491,2018-12-14,Arizona Coyotes,4,New York Rangers,3,0
492,2018-12-14,Boston Bruins,3,Pittsburgh Penguins,5,1
493,2018-12-14,Colorado Avalanche,3,St. Louis Blues,4,1
494,2018-12-15,Anaheim Ducks,2,Columbus Blue Jackets,1,0
495,2018-12-15,Dallas Stars,4,Colorado Avalanche,6,1
496,2018-12-15,Toronto Maple Leafs,3,Florida Panthers,4,1
497,2018-12-15,Calgary Flames,2,Minnesota Wild,1,0
498,2018-12-15,Ottawa Senators,2,Montreal Canadiens,5,1
499,2018-12-15,New Jersey Devils,1,Nashville Predators,2,1
500,2018-12-15,Detroit Red Wings,3,New York Islanders,4,1
501,2018-12-15,Los Angeles Kings,3,Pittsburgh Penguins,4,1
502,2018-12-15,Philadelphia Flyers,1,Vancouver Canucks,5,1
503,2018-12-15,Buffalo Sabres,3,Washington Capitals,4,1
504,2018-12-16,Buffalo Sabres,4,Boston Bruins,2,0
505,2018-12-16,Arizona Coyotes,0,Carolina Hurricanes,3,1
506,2018-12-16,San Jose Sharks,7,Chicago Blackhawks,3,0
507,2018-12-16,Vegas Golden Knights,4,New York Rangers,3,0
508,2018-12-16,Calgary Flames,7,St. Louis Blues,2,0
509,2018-12-16,Edmonton Oilers,2,Vancouver Canucks,4,1
510,2018-12-16,Tampa Bay Lightning,4,Winnipeg Jets,5,1
511,2018-12-17,Vegas Golden Knights,0,Columbus Blue Jackets,1,1
512,2018-12-17,New York Islanders,4,Colorado Avalanche,1,0
513,2018-12-17,Boston Bruins,4,Montreal Canadiens,0,0
514,2018-12-17,Nashville Predators,3,Ottawa Senators,4,1
515,2018-12-17,Anaheim Ducks,4,Pittsburgh Penguins,2,0
516,2018-12-18,New York Islanders,3,Arizona Coyotes,1,0
517,2018-12-18,Florida Panthers,5,Buffalo Sabres,2,0
518,2018-12-18,Nashville Predators,1,Chicago Blackhawks,2,1
519,2018-12-18,Calgary Flames,0,Dallas Stars,2,1
520,2018-12-18,St. Louis Blues,4,Edmonton Oilers,1,0
521,2018-12-18,Winnipeg Jets,1,Los Angeles Kings,4,1
522,2018-12-18,San Jose Sharks,4,Minnesota Wild,0,0
523,2018-12-18,Toronto Maple Leafs,7,New Jersey Devils,2,0
524,2018-12-18,Anaheim Ducks,1,New York Rangers,3,1
525,2018-12-18,Detroit Red Wings,2,Philadelphia Flyers,3,1
526,2018-12-18,Tampa Bay Lightning,5,Vancouver Canucks,2,0
527,2018-12-19,Montreal Canadiens,1,Colorado Avalanche,2,1
528,2018-12-19,Pittsburgh Penguins,2,Washington Capitals,1,0
529,2018-12-20,Montreal Canadiens,2,Arizona Coyotes,1,0
530,2018-12-20,Anaheim Ducks,1,Boston Bruins,3,1
531,2018-12-20,Detroit Red Wings,4,Carolina Hurricanes,1,0
532,2018-12-20,New Jersey Devils,1,Columbus Blue Jackets,2,1
533,2018-12-20,Tampa Bay Lightning,5,Calgary Flames,4,0
534,2018-12-20,Chicago Blackhawks,5,Dallas Stars,2,0
535,2018-12-20,Nashville Predators,1,Philadelphia Flyers,2,1
536,2018-12-20,Minnesota Wild,1,Pittsburgh Penguins,2,1
537,2018-12-20,Winnipeg Jets,5,San Jose Sharks,3,0
538,2018-12-20,Florida Panthers,1,Toronto Maple Leafs,6,1
539,2018-12-20,St. Louis Blues,1,Vancouver Canucks,5,1
540,2018-12-20,New York Islanders,2,Vegas Golden Knights,4,1
541,2018-12-21,Chicago Blackhawks,2,Colorado Avalanche,1,0
542,2018-12-21,Ottawa Senators,2,New Jersey Devils,5,1
543,2018-12-21,Buffalo Sabres,1,Washington Capitals,2,1
544,2018-12-22,Colorado Avalanche,4,Arizona Coyotes,6,1
545,2018-12-22,Nashville Predators,2,Boston Bruins,5,1
546,2018-12-22,Anaheim Ducks,0,Buffalo Sabres,3,1
547,2018-12-22,Pittsburgh Penguins,3,Carolina Hurricanes,0,0
548,2018-12-22,St. Louis Blues,3,Calgary Flames,1,0
549,2018-12-22,Florida Panthers,2,Detroit Red Wings,1,0
550,2018-12-22,Tampa Bay Lightning,6,Edmonton Oilers,3,0
551,2018-12-22,Dallas Stars,2,Minnesota Wild,1,0
552,2018-12-22,Washington Capitals,4,Ottawa Senators,0,0
553,2018-12-22,Columbus Blue Jackets,4,Philadelphia Flyers,3,0
554,2018-12-22,Los Angeles Kings,3,San Jose Sharks,2,0
555,2018-12-22,New York Rangers,3,Toronto Maple Leafs,5,1
556,2018-12-22,Winnipeg Jets,1,Vancouver Canucks,0,0
557,2018-12-22,Montreal Canadiens,4,Vegas Golden Knights,3,0
558,2018-12-23,Boston Bruins,3,Carolina Hurricanes,5,1
559,2018-12-23,Florida Panthers,6,Chicago Blackhawks,3,0
560,2018-12-23,New York Islanders,3,Dallas Stars,1,0
561,2018-12-23,Columbus Blue Jackets,3,New Jersey Devils,0,0
562,2018-12-23,Philadelphia Flyers,3,New York Rangers,2,0
563,2018-12-23,Arizona Coyotes,4,San Jose Sharks,3,0
564,2018-12-23,Detroit Red Wings,4,Toronto Maple Leafs,5,1
565,2018-12-23,Los Angeles Kings,4,Vegas Golden Knights,3,0
566,2018-12-27,New Jersey Devils,5,Boston Bruins,2,0
567,2018-12-27,Minnesota Wild,2,Chicago Blackhawks,5,1
568,2018-12-27,Vancouver Canucks,4,Edmonton Oilers,2,0
569,2018-12-27,Arizona Coyotes,1,Los Angeles Kings,2,1
570,2018-12-27,Dallas Stars,2,Nashville Predators,0,0
571,2018-12-27,Columbus Blue Jackets,4,New York Rangers,3,0
572,2018-12-27,Detroit Red Wings,2,Pittsburgh Penguins,5,1
573,2018-12-27,Anaheim Ducks,2,San Jose Sharks,4,1
574,2018-12-27,Buffalo Sabres,1,St. Louis Blues,4,1
575,2018-12-27,Philadelphia Flyers,5,Tampa Bay Lightning,6,1
576,2018-12-27,Colorado Avalanche,1,Vegas Golden Knights,2,1
577,2018-12-27,Calgary Flames,4,Winnipeg Jets,1,0
578,2018-12-27,Carolina Hurricanes,1,Washington Capitals,3,1
579,2018-12-28,Toronto Maple Leafs,4,Columbus Blue Jackets,2,0
580,2018-12-28,Montreal Canadiens,5,Florida Panthers,3,0
581,2018-12-28,Ottawa Senators,3,New York Islanders,6,1
582,2018-12-29,Arizona Coyotes,5,Anaheim Ducks,4,0
583,2018-12-29,Boston Bruins,3,Buffalo Sabres,2,0
584,2018-12-29,Vancouver Canucks,3,Calgary Flames,2,0
585,2018-12-29,Chicago Blackhawks,3,Colorado Avalanche,2,0
586,2018-12-29,Detroit Red Wings,1,Dallas Stars,5,1
587,2018-12-29,San Jose Sharks,7,Edmonton Oilers,4,0
588,2018-12-29,Philadelphia Flyers,1,Florida Panthers,2,1
589,2018-12-29,Vegas Golden Knights,4,Los Angeles Kings,1,0
590,2018-12-29,Carolina Hurricanes,0,New Jersey Devils,2,1
591,2018-12-29,New York Rangers,4,Nashville Predators,3,0
592,2018-12-29,Washington Capitals,3,Ottawa Senators,2,0
593,2018-12-29,Pittsburgh Penguins,6,St. Louis Blues,1,0
594,2018-12-29,Montreal Canadiens,5,Tampa Bay Lightning,6,1
595,2018-12-29,New York Islanders,4,Toronto Maple Leafs,0,0
596,2018-12-29,Minnesota Wild,3,Winnipeg Jets,1,0
597,2018-12-30,Vegas Golden Knights,5,Arizona Coyotes,1,0
598,2018-12-31,Tampa Bay Lightning,2,Anaheim Ducks,1,0
599,2018-12-31,New York Islanders,3,Buffalo Sabres,1,0
600,2018-12-31,Philadelphia Flyers,1,Carolina Hurricanes,3,1
601,2018-12-31,Ottawa Senators,3,Columbus Blue Jackets,6,1
602,2018-12-31,San Jose Sharks,5,Calgary Flames,8,1
603,2018-12-31,Los Angeles Kings,3,Colorado Avalanche,2,0
604,2018-12-31,Montreal Canadiens,3,Dallas Stars,2,0
605,2018-12-31,Florida Panthers,4,Detroit Red Wings,3,0
606,2018-12-31,Winnipeg Jets,4,Edmonton Oilers,3,0
607,2018-12-31,Pittsburgh Penguins,3,Minnesota Wild,2,0
608,2018-12-31,Vancouver Canucks,0,New Jersey Devils,4,1
609,2018-12-31,New York Rangers,2,St. Louis Blues,1,0
610,2018-12-31,Nashville Predators,6,Washington Capitals,3,0
611,2019-01-01,Boston Bruins,4,Chicago Blackhawks,2,0
612,2019-01-01,Philadelphia Flyers,0,Nashville Predators,4,1
613,2019-01-01,Los Angeles Kings,0,Vegas Golden Knights,2,1
614,2019-01-02,Edmonton Oilers,3,Arizona Coyotes,1,0
615,2019-01-02,San Jose Sharks,5,Colorado Avalanche,4,0
616,2019-01-02,New Jersey Devils,4,Dallas Stars,5,1
617,2019-01-02,Calgary Flames,5,Detroit Red Wings,3,0
618,2019-01-02,Pittsburgh Penguins,7,New York Rangers,2,0
619,2019-01-02,Vancouver Canucks,4,Ottawa Senators,3,0
620,2019-01-03,Calgary Flames,4,Boston Bruins,6,1
621,2019-01-03,Florida Panthers,3,Buffalo Sabres,4,1
622,2019-01-03,Tampa Bay Lightning,6,Los Angeles Kings,2,0
623,2019-01-03,Vancouver Canucks,0,Montreal Canadiens,2,1
624,2019-01-03,Chicago Blackhawks,2,New York Islanders,3,1
625,2019-01-03,Carolina Hurricanes,5,Philadelphia Flyers,3,0
626,2019-01-03,Washington Capitals,2,St. Louis Blues,5,1
627,2019-01-03,Minnesota Wild,4,Toronto Maple Leafs,3,0
628,2019-01-04,Vegas Golden Knights,3,Anaheim Ducks,2,0
629,2019-01-04,New Jersey Devils,3,Arizona Coyotes,2,0
630,2019-01-04,Columbus Blue Jackets,2,Carolina Hurricanes,4,1
631,2019-01-04,New York Rangers,1,Colorado Avalanche,6,1
632,2019-01-04,Washington Capitals,1,Dallas Stars,2,1
633,2019-01-04,Nashville Predators,3,Detroit Red Wings,4,1
634,2019-01-04,Winnipeg Jets,0,Pittsburgh Penguins,4,1
635,2019-01-05,Buffalo Sabres,1,Boston Bruins,2,1
636,2019-01-05,Columbus Blue Jackets,4,Florida Panthers,3,0
637,2019-01-05,Edmonton Oilers,0,Los Angeles Kings,4,1
638,2019-01-05,Nashville Predators,4,Montreal Canadiens,1,0
639,2019-01-05,Minnesota Wild,4,Ottawa Senators,3,0
640,2019-01-05,Calgary Flames,3,Philadelphia Flyers,2,0
641,2019-01-05,Tampa Bay Lightning,2,San Jose Sharks,5,1
642,2019-01-05,New York Islanders,4,St. Louis Blues,3,0
643,2019-01-05,Vancouver Canucks,0,Toronto Maple Leafs,5,1
644,2019-01-06,Edmonton Oilers,4,Anaheim Ducks,0,0
645,2019-01-06,New York Rangers,0,Arizona Coyotes,5,1
646,2019-01-06,Washington Capitals,3,Detroit Red Wings,2,0
647,2019-01-06,Carolina Hurricanes,5,Ottawa Senators,4,0
648,2019-01-06,Chicago Blackhawks,5,Pittsburgh Penguins,3,0
649,2019-01-06,New Jersey Devils,2,Vegas Golden Knights,3,1
650,2019-01-06,Dallas Stars,1,Winnipeg Jets,5,1
651,2019-01-07,Calgary Flames,4,Chicago Blackhawks,3,0
652,2019-01-07,Minnesota Wild,1,Montreal Canadiens,0,0
653,2019-01-07,St. Louis Blues,3,Philadelphia Flyers,0,0
654,2019-01-07,Los Angeles Kings,1,San Jose Sharks,3,1
655,2019-01-07,Nashville Predators,4,Toronto Maple Leafs,0,0
656,2019-01-08,Minnesota Wild,0,Boston Bruins,4,1
657,2019-01-08,New Jersey Devils,1,Buffalo Sabres,5,1
658,2019-01-08,Montreal Canadiens,3,Detroit Red Wings,2,0
659,2019-01-08,Carolina Hurricanes,4,New York Islanders,3,0
660,2019-01-08,Florida Panthers,1,Pittsburgh Penguins,5,1
661,2019-01-08,Edmonton Oilers,2,San Jose Sharks,7,1
662,2019-01-08,Dallas Stars,3,St. Louis Blues,1,0
663,2019-01-08,Columbus Blue Jackets,0,Tampa Bay Lightning,4,1
664,2019-01-08,New York Rangers,2,Vegas Golden Knights,4,1
665,2019-01-08,Colorado Avalanche,4,Winnipeg Jets,7,1
666,2019-01-08,Philadelphia Flyers,3,Washington Capitals,5,1
667,2019-01-09,Ottawa Senators,2,Anaheim Ducks,1,0
668,2019-01-09,Colorado Avalanche,3,Calgary Flames,5,1
669,2019-01-09,Nashville Predators,4,Chicago Blackhawks,3,0
670,2019-01-10,Washington Capitals,4,Boston Bruins,2,0
671,2019-01-10,Nashville Predators,3,Columbus Blue Jackets,4,1
672,2019-01-10,Florida Panthers,3,Edmonton Oilers,4,1
673,2019-01-10,Ottawa Senators,4,Los Angeles Kings,1,0
674,2019-01-10,Winnipeg Jets,2,Minnesota Wild,3,1
675,2019-01-10,Toronto Maple Leafs,4,New Jersey Devils,2,0
676,2019-01-10,New York Islanders,4,New York Rangers,3,0
677,2019-01-10,Dallas Stars,1,Philadelphia Flyers,2,1
678,2019-01-10,Montreal Canadiens,1,St. Louis Blues,4,1
679,2019-01-10,Carolina Hurricanes,1,Tampa Bay Lightning,3,1
680,2019-01-10,Arizona Coyotes,4,Vancouver Canucks,3,0
681,2019-01-10,San Jose Sharks,3,Vegas Golden Knights,2,0
682,2019-01-11,Pittsburgh Penguins,7,Anaheim Ducks,4,0
683,2019-01-11,Buffalo Sabres,3,Carolina Hurricanes,4,1
684,2019-01-11,Florida Panthers,3,Calgary Flames,4,1
685,2019-01-11,Detroit Red Wings,2,Winnipeg Jets,4,1
686,2019-01-12,Tampa Bay Lightning,5,Buffalo Sabres,3,0
687,2019-01-12,Vegas Golden Knights,4,Chicago Blackhawks,3,0
688,2019-01-12,St. Louis Blues,3,Dallas Stars,1,0
689,2019-01-12,Arizona Coyotes,3,Edmonton Oilers,2,0
690,2019-01-12,Pittsburgh Penguins,2,Los Angeles Kings,5,1
691,2019-01-12,Detroit Red Wings,5,Minnesota Wild,2,0
692,2019-01-12,Colorado Avalanche,0,Montreal Canadiens,3,1
693,2019-01-12,Philadelphia Flyers,2,New Jersey Devils,3,1
694,2019-01-12,New York Rangers,2,New York Islanders,1,0
695,2019-01-12,Ottawa Senators,1,San Jose Sharks,4,1
696,2019-01-12,Boston Bruins,3,Toronto Maple Leafs,2,0
697,2019-01-12,Columbus Blue Jackets,2,Washington Capitals,1,0
698,2019-01-13,Nashville Predators,3,Carolina Hurricanes,6,1
699,2019-01-13,New York Rangers,5,Columbus Blue Jackets,7,1
700,2019-01-13,Arizona Coyotes,1,Calgary Flames,7,1
701,2019-01-13,Tampa Bay Lightning,1,New York Islanders,5,1
702,2019-01-13,Florida Panthers,1,Vancouver Canucks,5,1
703,2019-01-13,Anaheim Ducks,3,Winnipeg Jets,4,1
704,2019-01-14,Montreal Canadiens,3,Boston Bruins,2,0
705,2019-01-14,Buffalo Sabres,2,Edmonton Oilers,7,1
706,2019-01-14,Chicago Blackhawks,5,New Jersey Devils,8,1
707,2019-01-14,Minnesota Wild,4,Philadelphia Flyers,7,1
708,2019-01-14,Colorado Avalanche,6,Toronto Maple Leafs,3,0
709,2019-01-14,St. Louis Blues,4,Washington Capitals,1,0
710,2019-01-15,New Jersey Devils,1,Columbus Blue Jackets,4,1
711,2019-01-15,Tampa Bay Lightning,2,Dallas Stars,0,0
712,2019-01-15,Anaheim Ducks,1,Detroit Red Wings,3,1
713,2019-01-15,Los Angeles Kings,2,Minnesota Wild,3,1
714,2019-01-15,Florida Panthers,1,Montreal Canadiens,5,1
715,2019-01-15,Washington Capitals,2,Nashville Predators,7,1
716,2019-01-15,St. Louis Blues,1,New York Islanders,2,1
717,2019-01-15,Carolina Hurricanes,2,New York Rangers,6,1
718,2019-01-15,Pittsburgh Penguins,2,San Jose Sharks,5,1
719,2019-01-15,Vegas Golden Knights,1,Winnipeg Jets,4,1
720,2019-01-16,San Jose Sharks,3,Arizona Coyotes,6,1
721,2019-01-16,Buffalo Sabres,4,Calgary Flames,3,0
722,2019-01-16,Colorado Avalanche,2,Ottawa Senators,5,1
723,2019-01-16,Boston Bruins,3,Philadelphia Flyers,4,1
724,2019-01-16,Edmonton Oilers,3,Vancouver Canucks,2,0
725,2019-01-17,St. Louis Blues,2,Boston Bruins,5,1
726,2019-01-17,Los Angeles Kings,2,Dallas Stars,1,0
727,2019-01-17,Anaheim Ducks,3,Minnesota Wild,0,0
728,2019-01-17,Winnipeg Jets,5,Nashville Predators,1,0
729,2019-01-17,New Jersey Devils,1,New York Islanders,4,1
730,2019-01-17,Chicago Blackhawks,3,New York Rangers,4,1
731,2019-01-17,Toronto Maple Leafs,4,Tampa Bay Lightning,2,0
732,2019-01-18,Pittsburgh Penguins,3,Arizona Coyotes,2,0
733,2019-01-18,Ottawa Senators,4,Carolina Hurricanes,1,0
734,2019-01-18,Montreal Canadiens,4,Columbus Blue Jackets,1,0
735,2019-01-18,Detroit Red Wings,4,Calgary Flames,6,1
736,2019-01-18,Toronto Maple Leafs,1,Florida Panthers,3,1
737,2019-01-18,Buffalo Sabres,3,Vancouver Canucks,4,1
738,2019-01-18,New York Islanders,2,Washington Capitals,0,0
739,2019-01-19,New York Rangers,3,Boston Bruins,2,0
740,2019-01-19,Los Angeles Kings,1,Colorado Avalanche,7,1
741,2019-01-19,Winnipeg Jets,2,Dallas Stars,4,1
742,2019-01-19,Calgary Flames,5,Edmonton Oilers,2,0
743,2019-01-19,Columbus Blue Jackets,1,Minnesota Wild,2,1
744,2019-01-19,Philadelphia Flyers,5,Montreal Canadiens,2,0
745,2019-01-19,Anaheim Ducks,3,New Jersey Devils,2,0
746,2019-01-19,Florida Panthers,4,Nashville Predators,2,0
747,2019-01-19,Ottawa Senators,2,St. Louis Blues,3,1
748,2019-01-19,San Jose Sharks,3,Tampa Bay Lightning,6,1
749,2019-01-19,Pittsburgh Penguins,3,Vegas Golden Knights,7,1
750,2019-01-20,Washington Capitals,5,Chicago Blackhawks,8,1
751,2019-01-20,Carolina Hurricanes,7,Edmonton Oilers,4,0
752,2019-01-20,Anaheim Ducks,0,New York Islanders,3,1
753,2019-01-20,Arizona Coyotes,4,Toronto Maple Leafs,2,0
754,2019-01-20,Detroit Red Wings,2,Vancouver Canucks,3,1
755,2019-01-21,Nashville Predators,4,Colorado Avalanche,1,0
756,2019-01-21,San Jose Sharks,2,Florida Panthers,6,1
757,2019-01-21,St. Louis Blues,3,Los Angeles Kings,4,1
758,2019-01-21,Minnesota Wild,4,Vegas Golden Knights,2,0
759,2019-01-22,Carolina Hurricanes,2,Calgary Flames,3,1
760,2019-01-22,New York Islanders,2,Chicago Blackhawks,3,1
761,2019-01-22,Detroit Red Wings,3,Edmonton Oilers,2,0
762,2019-01-22,Arizona Coyotes,3,Ottawa Senators,2,0
763,2019-01-22,San Jose Sharks,7,Washington Capitals,6,0
764,2019-01-23,St. Louis Blues,5,Anaheim Ducks,1,0
765,2019-01-23,Minnesota Wild,5,Colorado Avalanche,2,0
766,2019-01-23,Arizona Coyotes,1,Montreal Canadiens,2,1
767,2019-01-23,Washington Capitals,3,Toronto Maple Leafs,6,1
768,2019-01-23,Carolina Hurricanes,5,Vancouver Canucks,2,0
769,2019-01-23,Nashville Predators,2,Vegas Golden Knights,1,0
770,2019-01-28,Winnipeg Jets,1,Philadelphia Flyers,3,1
771,2019-01-28,New Jersey Devils,6,Pittsburgh Penguins,3,0
772,2019-01-29,Winnipeg Jets,4,Boston Bruins,3,0
773,2019-01-29,Buffalo Sabres,5,Columbus Blue Jackets,4,0
774,2019-01-29,Philadelphia Flyers,1,New York Rangers,0,0
775,2019-01-30,Buffalo Sabres,0,Dallas Stars,1,1
776,2019-01-30,Tampa Bay Lightning,2,Pittsburgh Penguins,4,1
777,2019-01-31,Philadelphia Flyers,3,Boston Bruins,2,0
778,2019-01-31,New York Rangers,4,New Jersey Devils,3,0
779,2019-01-31,Columbus Blue Jackets,3,Winnipeg Jets,4,1
780,2019-02-01,Chicago Blackhawks,7,Buffalo Sabres,3,0
781,2019-02-01,Vegas Golden Knights,2,Carolina Hurricanes,5,1
782,2019-02-01,Minnesota Wild,1,Dallas Stars,3,1
783,2019-02-01,Toronto Maple Leafs,2,Detroit Red Wings,3,1
784,2019-02-01,Nashville Predators,4,Florida Panthers,1,0
785,2019-02-01,Tampa Bay Lightning,1,New York Islanders,0,0
786,2019-02-01,Ottawa Senators,3,Pittsburgh Penguins,5,1
787,2019-02-01,Calgary Flames,3,Washington Capitals,4,1
788,2019-02-02,St. Louis Blues,4,Columbus Blue Jackets,2,0
789,2019-02-02,Vancouver Canucks,5,Colorado Avalanche,1,0
790,2019-02-02,Vegas Golden Knights,1,Florida Panthers,3,1
791,2019-02-02,Chicago Blackhawks,4,Minnesota Wild,3,0
792,2019-02-02,New Jersey Devils,3,Montreal Canadiens,2,0
793,2019-02-02,Dallas Stars,3,Nashville Predators,1,0
794,2019-02-02,Los Angeles Kings,2,New York Islanders,4,1
795,2019-02-02,Tampa Bay Lightning,3,New York Rangers,2,0
796,2019-02-02,Detroit Red Wings,2,Ottawa Senators,0,0
797,2019-02-02,Edmonton Oilers,4,Philadelphia Flyers,5,1
798,2019-02-02,Arizona Coyotes,2,San Jose Sharks,3,1
799,2019-02-02,Pittsburgh Penguins,2,Toronto Maple Leafs,3,1
800,2019-02-02,Anaheim Ducks,3,Winnipeg Jets,9,1
801,2019-02-03,Calgary Flames,4,Carolina Hurricanes,3,0
802,2019-02-03,Edmonton Oilers,3,Montreal Canadiens,4,1
803,2019-02-03,Boston Bruins,1,Washington Capitals,0,0
804,2019-02-04,Arizona Coyotes,4,Dallas Stars,5,1
805,2019-02-04,Los Angeles Kings,4,New York Rangers,3,0
806,2019-02-04,Vancouver Canucks,1,Philadelphia Flyers,2,1
807,2019-02-04,Anaheim Ducks,1,Toronto Maple Leafs,6,1
808,2019-02-05,New York Islanders,1,Boston Bruins,3,1
809,2019-02-05,Minnesota Wild,4,Buffalo Sabres,5,1
810,2019-02-05,Columbus Blue Jackets,6,Colorado Avalanche,3,0
811,2019-02-05,Chicago Blackhawks,6,Edmonton Oilers,2,0
812,2019-02-05,St. Louis Blues,3,Florida Panthers,2,0
813,2019-02-05,Anaheim Ducks,1,Montreal Canadiens,4,1
814,2019-02-05,Los Angeles Kings,5,New Jersey Devils,1,0
815,2019-02-05,Arizona Coyotes,2,Nashville Predators,5,1
816,2019-02-05,Carolina Hurricanes,4,Pittsburgh Penguins,0,0
817,2019-02-05,Vegas Golden Knights,3,Tampa Bay Lightning,2,0
818,2019-02-05,San Jose Sharks,3,Winnipeg Jets,2,0
819,2019-02-05,Vancouver Canucks,2,Washington Capitals,3,1
820,2019-02-06,Boston Bruins,3,New York Rangers,4,1
821,2019-02-06,Ottawa Senators,4,Toronto Maple Leafs,5,1
822,2019-02-07,Columbus Blue Jackets,4,Arizona Coyotes,2,0
823,2019-02-07,Carolina Hurricanes,6,Buffalo Sabres,5,0
824,2019-02-07,San Jose Sharks,5,Calgary Flames,2,0
825,2019-02-07,Vancouver Canucks,3,Chicago Blackhawks,4,1
826,2019-02-07,Vegas Golden Knights,4,Detroit Red Wings,3,0
827,2019-02-07,Pittsburgh Penguins,2,Florida Panthers,3,1
828,2019-02-07,Edmonton Oilers,4,Minnesota Wild,1,0
829,2019-02-07,Winnipeg Jets,2,Montreal Canadiens,5,1
830,2019-02-07,New York Islanders,2,New Jersey Devils,1,0
831,2019-02-07,Dallas Stars,2,Nashville Predators,3,1
832,2019-02-07,Anaheim Ducks,0,Ottawa Senators,4,1
833,2019-02-07,Los Angeles Kings,3,Philadelphia Flyers,2,0
834,2019-02-07,St. Louis Blues,1,Tampa Bay Lightning,0,0
835,2019-02-07,Colorado Avalanche,3,Washington Capitals,4,1
836,2019-02-08,Carolina Hurricanes,3,New York Rangers,0,0
837,2019-02-09,Dallas Stars,2,Arizona Coyotes,3,1
838,2019-02-09,Los Angeles Kings,4,Boston Bruins,5,1
839,2019-02-09,Detroit Red Wings,1,Buffalo Sabres,3,1
840,2019-02-09,San Jose Sharks,5,Edmonton Oilers,2,0
841,2019-02-09,Toronto Maple Leafs,4,Montreal Canadiens,3,0
842,2019-02-09,Minnesota Wild,4,New Jersey Devils,2,0
843,2019-02-09,Colorado Avalanche,3,New York Islanders,4,1
844,2019-02-09,Winnipeg Jets,2,Ottawa Senators,5,1
845,2019-02-09,Anaheim Ducks,2,Philadelphia Flyers,6,1
846,2019-02-09,Nashville Predators,2,St. Louis Blues,3,1
847,2019-02-09,Pittsburgh Penguins,4,Tampa Bay Lightning,5,1
848,2019-02-09,Calgary Flames,3,Vancouver Canucks,4,1
849,2019-02-09,Columbus Blue Jackets,4,Vegas Golden Knights,3,0
850,2019-02-09,Florida Panthers,5,Washington Capitals,4,0
851,2019-02-10,Colorado Avalanche,1,Boston Bruins,2,1
852,2019-02-10,Winnipeg Jets,3,Buffalo Sabres,1,0
853,2019-02-10,Detroit Red Wings,2,Chicago Blackhawks,5,1
854,2019-02-10,Tampa Bay Lightning,5,Florida Panthers,2,0
855,2019-02-10,Carolina Hurricanes,2,New Jersey Devils,3,1
856,2019-02-10,St. Louis Blues,5,Nashville Predators,4,0
857,2019-02-10,Minnesota Wild,1,New York Islanders,2,1
858,2019-02-10,Toronto Maple Leafs,1,New York Rangers,4,1
859,2019-02-11,Pittsburgh Penguins,4,Philadelphia Flyers,1,0
860,2019-02-11,San Jose Sharks,7,Vancouver Canucks,2,0
861,2019-02-11,Los Angeles Kings,4,Washington Capitals,6,1
862,2019-02-12,Chicago Blackhawks,3,Boston Bruins,6,1
863,2019-02-12,New York Islanders,1,Buffalo Sabres,3,1
864,2019-02-12,Washington Capitals,0,Columbus Blue Jackets,3,1
865,2019-02-12,Toronto Maple Leafs,5,Colorado Avalanche,2,0
866,2019-02-12,Dallas Stars,3,Florida Panthers,0,0
867,2019-02-12,Philadelphia Flyers,5,Minnesota Wild,4,0
868,2019-02-12,Detroit Red Wings,3,Nashville Predators,2,0
869,2019-02-12,Carolina Hurricanes,4,Ottawa Senators,1,0
870,2019-02-12,New Jersey Devils,3,St. Louis Blues,8,1
871,2019-02-12,Calgary Flames,3,Tampa Bay Lightning,6,1
872,2019-02-12,Arizona Coyotes,5,Vegas Golden Knights,2,0
873,2019-02-12,New York Rangers,3,Winnipeg Jets,4,1
874,2019-02-13,Vancouver Canucks,0,Anaheim Ducks,1,1
875,2019-02-13,Edmonton Oilers,1,Pittsburgh Penguins,3,1
876,2019-02-14,St. Louis Blues,4,Arizona Coyotes,0,0
877,2019-02-14,New York Islanders,3,Columbus Blue Jackets,0,0
878,2019-02-14,New Jersey Devils,2,Chicago Blackhawks,5,1
879,2019-02-14,Ottawa Senators,2,Detroit Red Wings,3,1
880,2019-02-14,Calgary Flames,2,Florida Panthers,3,1
881,2019-02-14,Vancouver Canucks,4,Los Angeles Kings,3,0
882,2019-02-14,Montreal Canadiens,1,Nashville Predators,3,1
883,2019-02-14,Washington Capitals,5,San Jose Sharks,1,0
884,2019-02-14,Dallas Stars,0,Tampa Bay Lightning,6,1
885,2019-02-14,Toronto Maple Leafs,6,Vegas Golden Knights,3,0
886,2019-02-14,Colorado Avalanche,4,Winnipeg Jets,1,0
887,2019-02-15,Boston Bruins,3,Anaheim Ducks,0,0
888,2019-02-15,New York Rangers,6,Buffalo Sabres,2,0
889,2019-02-15,Edmonton Oilers,1,Carolina Hurricanes,3,1
890,2019-02-15,New Jersey Devils,5,Minnesota Wild,4,0
891,2019-02-16,Toronto Maple Leafs,0,Arizona Coyotes,2,1
892,2019-02-16,Dallas Stars,0,Carolina Hurricanes,3,1
893,2019-02-16,Columbus Blue Jackets,5,Chicago Blackhawks,2,0
894,2019-02-16,St. Louis Blues,3,Colorado Avalanche,0,0
895,2019-02-16,Boston Bruins,4,Los Angeles Kings,2,0
896,2019-02-16,Edmonton Oilers,2,New York Islanders,5,1
897,2019-02-16,Detroit Red Wings,5,Philadelphia Flyers,6,1
898,2019-02-16,Calgary Flames,5,Pittsburgh Penguins,4,0
899,2019-02-16,Vancouver Canucks,2,San Jose Sharks,3,1
900,2019-02-16,Montreal Canadiens,0,Tampa Bay Lightning,3,1
901,2019-02-16,Nashville Predators,1,Vegas Golden Knights,5,1
902,2019-02-16,Ottawa Senators,4,Winnipeg Jets,3,0
903,2019-02-17,Washington Capitals,2,Anaheim Ducks,5,1
904,2019-02-17,Philadelphia Flyers,3,Detroit Red Wings,1,0
905,2019-02-17,Montreal Canadiens,3,Florida Panthers,6,1
906,2019-02-17,St. Louis Blues,4,Minnesota Wild,0,0
907,2019-02-17,Buffalo Sabres,1,New Jersey Devils,4,1
908,2019-02-17,New York Rangers,5,Pittsburgh Penguins,6,1
909,2019-02-18,Tampa Bay Lightning,5,Columbus Blue Jackets,1,0
910,2019-02-18,Arizona Coyotes,2,Calgary Flames,5,1
911,2019-02-18,Ottawa Senators,7,Chicago Blackhawks,8,1
912,2019-02-18,Vegas Golden Knights,0,Colorado Avalanche,3,1
913,2019-02-18,Washington Capitals,3,Los Angeles Kings,2,0
914,2019-02-18,Boston Bruins,6,San Jose Sharks,5,0
915,2019-02-19,New York Rangers,2,Carolina Hurricanes,1,0
916,2019-02-19,Nashville Predators,5,Dallas Stars,3,0
917,2019-02-19,Arizona Coyotes,3,Edmonton Oilers,2,0
918,2019-02-19,Buffalo Sabres,2,Florida Panthers,4,1
919,2019-02-19,Anaheim Ducks,4,Minnesota Wild,0,0
920,2019-02-19,Columbus Blue Jackets,2,Montreal Canadiens,3,1
921,2019-02-19,Pittsburgh Penguins,4,New Jersey Devils,3,0
922,2019-02-19,Tampa Bay Lightning,5,Philadelphia Flyers,2,0
923,2019-02-19,Toronto Maple Leafs,2,St. Louis Blues,3,1
924,2019-02-20,New York Islanders,2,Calgary Flames,4,1
925,2019-02-20,Winnipeg Jets,1,Colorado Avalanche,7,1
926,2019-02-20,Chicago Blackhawks,5,Detroit Red Wings,4,0
927,2019-02-20,Boston Bruins,3,Vegas Golden Knights,2,0
928,2019-02-21,St. Louis Blues,2,Dallas Stars,5,1
929,2019-02-21,New York Islanders,3,Edmonton Oilers,4,1
930,2019-02-21,Carolina Hurricanes,4,Florida Panthers,3,0
931,2019-02-21,Philadelphia Flyers,1,Montreal Canadiens,5,1
932,2019-02-21,Ottawa Senators,0,New Jersey Devils,4,1
933,2019-02-21,Los Angeles Kings,1,Nashville Predators,2,1
934,2019-02-21,Minnesota Wild,4,New York Rangers,1,0
935,2019-02-21,San Jose Sharks,4,Pittsburgh Penguins,0,0
936,2019-02-21,Buffalo Sabres,1,Tampa Bay Lightning,2,1
937,2019-02-21,Washington Capitals,3,Toronto Maple Leafs,2,0
938,2019-02-21,Arizona Coyotes,3,Vancouver Canucks,2,0
939,2019-02-22,Anaheim Ducks,1,Calgary Flames,2,1
940,2019-02-22,Colorado Avalanche,5,Chicago Blackhawks,3,0
941,2019-02-22,Minnesota Wild,3,Detroit Red Wings,2,0
942,2019-02-22,Columbus Blue Jackets,3,Ottawa Senators,0,0
943,2019-02-22,Winnipeg Jets,6,Vegas Golden Knights,3,0
944,2019-02-23,Washington Capitals,2,Buffalo Sabres,5,1
945,2019-02-23,San Jose Sharks,0,Columbus Blue Jackets,4,1
946,2019-02-23,Carolina Hurricanes,3,Dallas Stars,0,0
947,2019-02-23,Anaheim Ducks,1,Edmonton Oilers,2,1
948,2019-02-23,Los Angeles Kings,1,Florida Panthers,6,1
949,2019-02-23,Colorado Avalanche,5,Nashville Predators,0,0
950,2019-02-23,New Jersey Devils,2,New York Rangers,5,1
951,2019-02-23,Pittsburgh Penguins,3,Philadelphia Flyers,4,1
952,2019-02-23,Boston Bruins,1,St. Louis Blues,2,1
953,2019-02-23,Montreal Canadiens,3,Toronto Maple Leafs,6,1
954,2019-02-23,New York Islanders,4,Vancouver Canucks,0,0
955,2019-02-24,Winnipeg Jets,1,Arizona Coyotes,4,1
956,2019-02-24,Dallas Stars,4,Chicago Blackhawks,3,0
957,2019-02-24,San Jose Sharks,5,Detroit Red Wings,3,0
958,2019-02-24,St. Louis Blues,1,Minnesota Wild,2,1
959,2019-02-24,Calgary Flames,2,Ottawa Senators,1,0
960,2019-02-24,New York Rangers,5,Washington Capitals,6,1
961,2019-02-25,Florida Panthers,4,Colorado Avalanche,3,0
962,2019-02-25,Montreal Canadiens,1,New Jersey Devils,2,1
963,2019-02-25,Edmonton Oilers,2,Nashville Predators,3,1
964,2019-02-25,Los Angeles Kings,3,Tampa Bay Lightning,4,1
965,2019-02-25,Buffalo Sabres,3,Toronto Maple Leafs,5,1
966,2019-02-25,Anaheim Ducks,0,Vancouver Canucks,4,1
967,2019-02-26,Florida Panthers,3,Arizona Coyotes,4,1
968,2019-02-26,San Jose Sharks,1,Boston Bruins,4,1
969,2019-02-26,Los Angeles Kings,1,Carolina Hurricanes,6,1
970,2019-02-26,Pittsburgh Penguins,5,Columbus Blue Jackets,2,0
971,2019-02-26,Montreal Canadiens,8,Detroit Red Wings,1,0
972,2019-02-26,Calgary Flames,3,New York Islanders,1,0
973,2019-02-26,Buffalo Sabres,2,Philadelphia Flyers,5,1
974,2019-02-26,Nashville Predators,0,St. Louis Blues,2,1
975,2019-02-26,Dallas Stars,1,Vegas Golden Knights,4,1
976,2019-02-26,Minnesota Wild,3,Winnipeg Jets,2,0
977,2019-02-26,Ottawa Senators,2,Washington Capitals,7,1
978,2019-02-27,Chicago Blackhawks,4,Anaheim Ducks,3,0
979,2019-02-27,Vancouver Canucks,2,Colorado Avalanche,3,1
980,2019-02-27,Calgary Flames,2,New Jersey Devils,1,0
981,2019-02-27,Tampa Bay Lightning,4,New York Rangers,3,0
982,2019-02-27,Edmonton Oilers,2,Toronto Maple Leafs,6,1
983,2019-02-28,Vancouver Canucks,2,Arizona Coyotes,5,1
984,2019-02-28,Tampa Bay Lightning,1,Boston Bruins,4,1
985,2019-02-28,Philadelphia Flyers,3,Columbus Blue Jackets,4,1
986,2019-02-28,Dallas Stars,4,Los Angeles Kings,3,0
987,2019-02-28,Toronto Maple Leafs,1,New York Islanders,6,1
988,2019-02-28,Edmonton Oilers,4,Ottawa Senators,2,0
989,2019-02-28,Florida Panthers,5,Vegas Golden Knights,6,1
990,2019-03-01,Vegas Golden Knights,3,Anaheim Ducks,0,0
991,2019-03-01,Pittsburgh Penguins,3,Buffalo Sabres,4,1
992,2019-03-01,St. Louis Blues,2,Carolina Hurricanes,5,1
993,2019-03-01,Philadelphia Flyers,6,New Jersey Devils,3,0
994,2019-03-01,Washington Capitals,3,New York Islanders,1,0
995,2019-03-01,Montreal Canadiens,4,New York Rangers,2,0
996,2019-03-01,Colorado Avalanche,3,San Jose Sharks,4,1
997,2019-03-01,Nashville Predators,3,Winnipeg Jets,5,1
998,2019-03-02,Detroit Red Wings,1,Arizona Coyotes,3,1
999,2019-03-02,New Jersey Devils,0,Boston Bruins,1,1
1000,2019-03-02,Edmonton Oilers,4,Columbus Blue Jackets,0,0
1001,2019-03-02,Minnesota Wild,4,Calgary Flames,2,0
1002,2019-03-02,Carolina Hurricanes,4,Florida Panthers,3,0
1003,2019-03-02,Chicago Blackhawks,3,Los Angeles Kings,6,1
1004,2019-03-02,Pittsburgh Penguins,5,Montreal Canadiens,1,0
1005,2019-03-02,Dallas Stars,4,St. Louis Blues,1,0
1006,2019-03-02,Ottawa Senators,1,Tampa Bay Lightning,5,1
1007,2019-03-02,Buffalo Sabres,2,Toronto Maple Leafs,5,1
1008,2019-03-03,Colorado Avalanche,1,Anaheim Ducks,2,1
1009,2019-03-03,Winnipeg Jets,5,Columbus Blue Jackets,2,0
1010,2019-03-03,Ottawa Senators,3,Florida Panthers,2,0
1011,2019-03-03,Nashville Predators,3,Minnesota Wild,2,0
1012,2019-03-03,Philadelphia Flyers,4,New York Islanders,1,0
1013,2019-03-03,Washington Capitals,3,New York Rangers,2,0
1014,2019-03-03,Chicago Blackhawks,2,San Jose Sharks,5,1
1015,2019-03-03,Vancouver Canucks,0,Vegas Golden Knights,3,1
1016,2019-03-04,Edmonton Oilers,4,Buffalo Sabres,3,0
1017,2019-03-04,Toronto Maple Leafs,6,Calgary Flames,2,0
1018,2019-03-05,Anaheim Ducks,3,Arizona Coyotes,1,0
1019,2019-03-05,Carolina Hurricanes,3,Boston Bruins,4,1
1020,2019-03-05,Detroit Red Wings,3,Colorado Avalanche,4,1
1021,2019-03-05,New York Rangers,0,Dallas Stars,1,1
1022,2019-03-05,Montreal Canadiens,3,Los Angeles Kings,1,0
1023,2019-03-05,Columbus Blue Jackets,2,New Jersey Devils,1,0
1024,2019-03-05,Minnesota Wild,4,Nashville Predators,5,1
1025,2019-03-05,Ottawa Senators,4,New York Islanders,5,1
1026,2019-03-05,Florida Panthers,2,Pittsburgh Penguins,3,1
1027,2019-03-05,Winnipeg Jets,2,Tampa Bay Lightning,5,1
1028,2019-03-06,St. Louis Blues,5,Anaheim Ducks,4,0
1029,2019-03-06,Washington Capitals,5,Philadelphia Flyers,3,0
1030,2019-03-06,Toronto Maple Leafs,2,Vancouver Canucks,3,1
1031,2019-03-06,Calgary Flames,1,Vegas Golden Knights,2,1
1032,2019-03-07,Calgary Flames,0,Arizona Coyotes,2,1
1033,2019-03-07,Florida Panthers,3,Boston Bruins,4,1
1034,2019-03-07,Buffalo Sabres,4,Chicago Blackhawks,5,1
1035,2019-03-07,Colorado Avalanche,0,Dallas Stars,4,1
1036,2019-03-07,New York Rangers,2,Detroit Red Wings,3,1
1037,2019-03-07,Vancouver Canucks,2,Edmonton Oilers,3,1
1038,2019-03-07,St. Louis Blues,4,Los Angeles Kings,0,0
1039,2019-03-07,New York Islanders,4,Ottawa Senators,2,0
1040,2019-03-07,Columbus Blue Jackets,0,Pittsburgh Penguins,3,1
1041,2019-03-07,Montreal Canadiens,2,San Jose Sharks,5,1
1042,2019-03-07,Minnesota Wild,3,Tampa Bay Lightning,0,0
1043,2019-03-08,Montreal Canadiens,2,Anaheim Ducks,8,1
1044,2019-03-08,Winnipeg Jets,8,Carolina Hurricanes,1,0
1045,2019-03-08,Minnesota Wild,2,Florida Panthers,6,1
1046,2019-03-08,New Jersey Devils,0,Washington Capitals,3,1
1047,2019-03-09,Los Angeles Kings,2,Arizona Coyotes,4,1
1048,2019-03-09,Ottawa Senators,2,Boston Bruins,3,1
1049,2019-03-09,Pittsburgh Penguins,1,Columbus Blue Jackets,4,1
1050,2019-03-09,Buffalo Sabres,0,Colorado Avalanche,3,1
1051,2019-03-09,Chicago Blackhawks,2,Dallas Stars,1,0
1052,2019-03-09,Toronto Maple Leafs,3,Edmonton Oilers,2,0
1053,2019-03-09,Carolina Hurricanes,5,Nashville Predators,3,0
1054,2019-03-09,Philadelphia Flyers,5,New York Islanders,2,0
1055,2019-03-09,New Jersey Devils,2,New York Rangers,4,1
1056,2019-03-09,St. Louis Blues,2,San Jose Sharks,3,1
1057,2019-03-09,Detroit Red Wings,2,Tampa Bay Lightning,3,1
1058,2019-03-09,Vegas Golden Knights,6,Vancouver Canucks,2,0
1059,2019-03-10,Los Angeles Kings,3,Anaheim Ducks,2,0
1060,2019-03-10,Vegas Golden Knights,3,Calgary Flames,6,1
1061,2019-03-10,Detroit Red Wings,1,Florida Panthers,6,1
1062,2019-03-10,Boston Bruins,2,Pittsburgh Penguins,4,1
1063,2019-03-10,Winnipeg Jets,1,Washington Capitals,3,1
1064,2019-03-11,Arizona Coyotes,1,Chicago Blackhawks,7,1
1065,2019-03-11,Carolina Hurricanes,3,Colorado Avalanche,0,0
1066,2019-03-11,New York Rangers,2,Edmonton Oilers,3,1
1067,2019-03-11,San Jose Sharks,3,Minnesota Wild,0,0
1068,2019-03-11,Columbus Blue Jackets,0,New York Islanders,2,1
1069,2019-03-11,Ottawa Senators,2,Philadelphia Flyers,3,1
1070,2019-03-11,Tampa Bay Lightning,6,Toronto Maple Leafs,2,0
1071,2019-03-12,Nashville Predators,2,Anaheim Ducks,3,1
1072,2019-03-12,Dallas Stars,2,Buffalo Sabres,0,0
1073,2019-03-12,Boston Bruins,4,Columbus Blue Jackets,7,1
1074,2019-03-12,New Jersey Devils,4,Calgary Flames,9,1
1075,2019-03-12,Detroit Red Wings,1,Montreal Canadiens,3,1
1076,2019-03-12,Washington Capitals,3,Pittsburgh Penguins,5,1
1077,2019-03-12,Arizona Coyotes,3,St. Louis Blues,1,0
1078,2019-03-12,San Jose Sharks,5,Winnipeg Jets,4,0
1079,2019-03-13,New Jersey Devils,6,Edmonton Oilers,3,0
1080,2019-03-13,Chicago Blackhawks,5,Toronto Maple Leafs,4,0
1081,2019-03-13,New York Rangers,1,Vancouver Canucks,4,1
1082,2019-03-14,Anaheim Ducks,1,Arizona Coyotes,6,1
1083,2019-03-14,Pittsburgh Penguins,5,Buffalo Sabres,0,0
1084,2019-03-14,Tampa Bay Lightning,5,Detroit Red Wings,4,0
1085,2019-03-14,Nashville Predators,3,Los Angeles Kings,1,0
1086,2019-03-14,Dallas Stars,4,Minnesota Wild,1,0
1087,2019-03-14,Montreal Canadiens,1,New York Islanders,2,1
1088,2019-03-14,St. Louis Blues,0,Ottawa Senators,2,1
1089,2019-03-14,Washington Capitals,5,Philadelphia Flyers,2,0
1090,2019-03-14,Florida Panthers,4,San Jose Sharks,2,0
1091,2019-03-14,Boston Bruins,3,Winnipeg Jets,4,1
1092,2019-03-15,Carolina Hurricanes,0,Columbus Blue Jackets,3,1
1093,2019-03-15,New York Rangers,1,Calgary Flames,5,1
1094,2019-03-15,Anaheim Ducks,5,Colorado Avalanche,3,0
1095,2019-03-15,Vegas Golden Knights,2,Dallas Stars,1,0
1096,2019-03-15,Philadelphia Flyers,6,Toronto Maple Leafs,7,1
1097,2019-03-15,New Jersey Devils,3,Vancouver Canucks,2,0
1098,2019-03-16,Edmonton Oilers,3,Arizona Coyotes,2,0
1099,2019-03-16,Columbus Blue Jackets,1,Boston Bruins,2,1
1100,2019-03-16,Buffalo Sabres,2,Carolina Hurricanes,4,1
1101,2019-03-16,New York Islanders,1,Detroit Red Wings,2,1
1102,2019-03-16,Florida Panthers,4,Los Angeles Kings,3,0
1103,2019-03-16,New York Rangers,2,Minnesota Wild,5,1
1104,2019-03-16,Chicago Blackhawks,2,Montreal Canadiens,0,0
1105,2019-03-16,Toronto Maple Leafs,2,Ottawa Senators,6,1
1106,2019-03-16,St. Louis Blues,5,Pittsburgh Penguins,1,0
1107,2019-03-16,Nashville Predators,4,San Jose Sharks,2,0
1108,2019-03-16,Washington Capitals,3,Tampa Bay Lightning,6,1
1109,2019-03-16,Calgary Flames,1,Winnipeg Jets,2,1
1110,2019-03-17,Florida Panthers,2,Anaheim Ducks,3,1
1111,2019-03-17,St. Louis Blues,3,Buffalo Sabres,4,1
1112,2019-03-17,New Jersey Devils,0,Colorado Avalanche,3,1
1113,2019-03-17,Vancouver Canucks,3,Dallas Stars,2,0
1114,2019-03-17,New York Islanders,3,Minnesota Wild,2,0
1115,2019-03-17,Philadelphia Flyers,2,Pittsburgh Penguins,1,0
1116,2019-03-17,Edmonton Oilers,3,Vegas Golden Knights,6,1
1117,2019-03-18,Vancouver Canucks,3,Chicago Blackhawks,2,0
1118,2019-03-18,Winnipeg Jets,3,Los Angeles Kings,2,0
1119,2019-03-18,Vegas Golden Knights,7,San Jose Sharks,3,0
1120,2019-03-18,Arizona Coyotes,1,Tampa Bay Lightning,4,1
1121,2019-03-19,Pittsburgh Penguins,2,Carolina Hurricanes,3,1
1122,2019-03-19,Columbus Blue Jackets,2,Calgary Flames,4,1
1123,2019-03-19,Florida Panthers,2,Dallas Stars,4,1
1124,2019-03-19,Colorado Avalanche,3,Minnesota Wild,1,0
1125,2019-03-19,Washington Capitals,4,New Jersey Devils,1,0
1126,2019-03-19,Toronto Maple Leafs,0,Nashville Predators,3,1
1127,2019-03-19,Boston Bruins,5,New York Islanders,0,0
1128,2019-03-19,Detroit Red Wings,3,New York Rangers,2,0
1129,2019-03-19,Montreal Canadiens,3,Philadelphia Flyers,1,0
1130,2019-03-19,Edmonton Oilers,2,St. Louis Blues,7,1
1131,2019-03-20,Winnipeg Jets,3,Anaheim Ducks,0,0
1132,2019-03-20,Toronto Maple Leafs,4,Buffalo Sabres,2,0
1133,2019-03-20,Ottawa Senators,4,Vancouver Canucks,7,1
1134,2019-03-20,Tampa Bay Lightning,5,Washington Capitals,4,0
1135,2019-03-21,Tampa Bay Lightning,6,Carolina Hurricanes,3,0
1136,2019-03-21,Ottawa Senators,1,Calgary Flames,5,1
1137,2019-03-21,Philadelphia Flyers,3,Chicago Blackhawks,1,0
1138,2019-03-21,Colorado Avalanche,3,Dallas Stars,1,0
1139,2019-03-21,Columbus Blue Jackets,1,Edmonton Oilers,4,1
1140,2019-03-21,Arizona Coyotes,2,Florida Panthers,4,1
1141,2019-03-21,San Jose Sharks,2,Los Angeles Kings,4,1
1142,2019-03-21,New York Islanders,0,Montreal Canadiens,4,1
1143,2019-03-21,Boston Bruins,5,New Jersey Devils,1,0
1144,2019-03-21,Pittsburgh Penguins,2,Nashville Predators,1,0
1145,2019-03-21,Detroit Red Wings,2,St. Louis Blues,5,1
1146,2019-03-21,Winnipeg Jets,0,Vegas Golden Knights,5,1
1147,2019-03-22,San Jose Sharks,3,Anaheim Ducks,4,1
1148,2019-03-22,Minnesota Wild,2,Washington Capitals,1,0
1149,2019-03-23,Minnesota Wild,1,Carolina Hurricanes,5,1
1150,2019-03-23,Chicago Blackhawks,2,Colorado Avalanche,4,1
1151,2019-03-23,Pittsburgh Penguins,3,Dallas Stars,2,0
1152,2019-03-23,Ottawa Senators,4,Edmonton Oilers,3,0
1153,2019-03-23,Boston Bruins,7,Florida Panthers,3,0
1154,2019-03-23,Anaheim Ducks,3,Los Angeles Kings,4,1
1155,2019-03-23,Buffalo Sabres,4,Montreal Canadiens,7,1
1156,2019-03-23,Arizona Coyotes,1,New Jersey Devils,2,1
1157,2019-03-23,New York Islanders,4,Philadelphia Flyers,2,0
1158,2019-03-23,Tampa Bay Lightning,3,St. Louis Blues,4,1
1159,2019-03-23,New York Rangers,2,Toronto Maple Leafs,1,0
1160,2019-03-23,Calgary Flames,3,Vancouver Canucks,1,0
1161,2019-03-23,Detroit Red Wings,3,Vegas Golden Knights,2,0
1162,2019-03-23,Nashville Predators,0,Winnipeg Jets,5,1
1163,2019-03-24,Montreal Canadiens,1,Carolina Hurricanes,2,1
1164,2019-03-24,Colorado Avalanche,1,Chicago Blackhawks,2,1
1165,2019-03-24,Arizona Coyotes,0,New York Islanders,2,1
1166,2019-03-24,Columbus Blue Jackets,5,Vancouver Canucks,0,0
1167,2019-03-24,Philadelphia Flyers,1,Washington Capitals,3,1
1168,2019-03-25,Los Angeles Kings,3,Calgary Flames,0,0
1169,2019-03-25,Nashville Predators,1,Minnesota Wild,0,0
1170,2019-03-25,Buffalo Sabres,1,New Jersey Devils,3,1
1171,2019-03-25,Pittsburgh Penguins,5,New York Rangers,2,0
1172,2019-03-25,Detroit Red Wings,3,San Jose Sharks,2,0
1173,2019-03-25,Vegas Golden Knights,1,St. Louis Blues,3,1
1174,2019-03-25,Boston Bruins,4,Tampa Bay Lightning,5,1
1175,2019-03-25,Florida Panthers,5,Toronto Maple Leafs,7,1
1176,2019-03-25,Dallas Stars,5,Winnipeg Jets,2,0
1177,2019-03-26,Chicago Blackhawks,0,Arizona Coyotes,1,1
1178,2019-03-26,New York Islanders,0,Columbus Blue Jackets,4,1
1179,2019-03-26,Los Angeles Kings,4,Edmonton Oilers,8,1
1180,2019-03-26,Florida Panthers,1,Montreal Canadiens,6,1
1181,2019-03-26,Buffalo Sabres,0,Ottawa Senators,4,1
1182,2019-03-26,Anaheim Ducks,5,Vancouver Canucks,4,0
1183,2019-03-26,Carolina Hurricanes,1,Washington Capitals,4,1
1184,2019-03-27,New York Rangers,3,Boston Bruins,6,1
1185,2019-03-27,Dallas Stars,2,Calgary Flames,1,0
1186,2019-03-27,Vegas Golden Knights,3,Colorado Avalanche,4,1
1187,2019-03-27,Toronto Maple Leafs,4,Philadelphia Flyers,5,1
1188,2019-03-28,Detroit Red Wings,5,Buffalo Sabres,4,0
1189,2019-03-28,Washington Capitals,3,Carolina Hurricanes,2,0
1190,2019-03-28,Montreal Canadiens,2,Columbus Blue Jackets,6,1
1191,2019-03-28,Dallas Stars,3,Edmonton Oilers,2,0
1192,2019-03-28,Florida Panthers,5,Ottawa Senators,2,0
1193,2019-03-28,Chicago Blackhawks,5,San Jose Sharks,4,0
1194,2019-03-28,Los Angeles Kings,2,Vancouver Canucks,3,1
1195,2019-03-28,New York Islanders,5,Winnipeg Jets,4,0
1196,2019-03-29,Anaheim Ducks,1,Calgary Flames,6,1
1197,2019-03-29,Arizona Coyotes,2,Colorado Avalanche,3,1
1198,2019-03-29,New Jersey Devils,0,Detroit Red Wings,4,1
1199,2019-03-29,St. Louis Blues,2,New York Rangers,4,1
1200,2019-03-29,Nashville Predators,3,Pittsburgh Penguins,1,0
1201,2019-03-29,Minnesota Wild,3,Vegas Golden Knights,2,0
1202,2019-03-30,Florida Panthers,4,Boston Bruins,1,0
1203,2019-03-30,Philadelphia Flyers,2,Carolina Hurricanes,5,1
1204,2019-03-30,Anaheim Ducks,5,Edmonton Oilers,1,0
1205,2019-03-30,Chicago Blackhawks,2,Los Angeles Kings,3,1
1206,2019-03-30,St. Louis Blues,3,New Jersey Devils,2,0
1207,2019-03-30,Columbus Blue Jackets,5,Nashville Predators,2,0
1208,2019-03-30,Buffalo Sabres,1,New York Islanders,5,1
1209,2019-03-30,Toronto Maple Leafs,2,Ottawa Senators,4,1
1210,2019-03-30,Vegas Golden Knights,3,San Jose Sharks,4,1
1211,2019-03-30,Washington Capitals,6,Tampa Bay Lightning,3,0
1212,2019-03-30,Dallas Stars,2,Vancouver Canucks,3,1
1213,2019-03-30,Montreal Canadiens,3,Winnipeg Jets,1,0
1214,2019-03-31,Minnesota Wild,0,Arizona Coyotes,4,1
1215,2019-03-31,Columbus Blue Jackets,4,Buffalo Sabres,0,0
1216,2019-03-31,Boston Bruins,3,Detroit Red Wings,6,1
1217,2019-03-31,New York Rangers,3,Philadelphia Flyers,0,0
1218,2019-03-31,Carolina Hurricanes,1,Pittsburgh Penguins,3,1
1219,2019-03-31,Calgary Flames,5,San Jose Sharks,3,0
1220,2019-04-01,Winnipeg Jets,4,Chicago Blackhawks,3,0
1221,2019-04-01,Washington Capitals,3,Florida Panthers,5,1
1222,2019-04-01,Calgary Flames,7,Los Angeles Kings,2,0
1223,2019-04-01,New York Rangers,2,New Jersey Devils,4,1
1224,2019-04-01,Toronto Maple Leafs,2,New York Islanders,1,0
1225,2019-04-01,Tampa Bay Lightning,5,Ottawa Senators,2,0
1226,2019-04-01,Colorado Avalanche,2,St. Louis Blues,3,1
1227,2019-04-01,Edmonton Oilers,1,Vegas Golden Knights,3,1
1228,2019-04-02,Los Angeles Kings,3,Arizona Coyotes,1,0
1229,2019-04-02,Nashville Predators,3,Buffalo Sabres,2,0
1230,2019-04-02,Boston Bruins,6,Columbus Blue Jackets,2,0
1231,2019-04-02,Edmonton Oilers,2,Colorado Avalanche,6,1
1232,2019-04-02,Philadelphia Flyers,2,Dallas Stars,6,1
1233,2019-04-02,Pittsburgh Penguins,1,Detroit Red Wings,4,1
1234,2019-04-02,Winnipeg Jets,1,Minnesota Wild,5,1
1235,2019-04-02,Tampa Bay Lightning,2,Montreal Canadiens,4,1
1236,2019-04-02,Carolina Hurricanes,4,Toronto Maple Leafs,1,0
1237,2019-04-02,San Jose Sharks,2,Vancouver Canucks,4,1
1238,2019-04-03,Calgary Flames,1,Anaheim Ducks,3,1
1239,2019-04-03,St. Louis Blues,3,Chicago Blackhawks,4,1
1240,2019-04-03,Ottawa Senators,4,New York Rangers,1,0
1241,2019-04-04,Ottawa Senators,2,Buffalo Sabres,5,1
1242,2019-04-04,New Jersey Devils,1,Carolina Hurricanes,3,1
1243,2019-04-04,Winnipeg Jets,2,Colorado Avalanche,3,1
1244,2019-04-04,San Jose Sharks,3,Edmonton Oilers,2,0
1245,2019-04-04,New York Islanders,2,Florida Panthers,1,0
1246,2019-04-04,Boston Bruins,3,Minnesota Wild,0,0
1247,2019-04-04,Vancouver Canucks,2,Nashville Predators,3,1
1248,2019-04-04,Detroit Red Wings,1,Pittsburgh Penguins,4,1
1249,2019-04-04,Philadelphia Flyers,3,St. Louis Blues,7,1
1250,2019-04-04,Tampa Bay Lightning,3,Toronto Maple Leafs,1,0
1251,2019-04-04,Arizona Coyotes,4,Vegas Golden Knights,1,0
1252,2019-04-04,Montreal Canadiens,1,Washington Capitals,2,1
1253,2019-04-05,Los Angeles Kings,2,Anaheim Ducks,5,1
1254,2019-04-05,Dallas Stars,1,Chicago Blackhawks,6,1
1255,2019-04-05,Columbus Blue Jackets,3,New York Rangers,2,0
1256,2019-04-06,Winnipeg Jets,4,Arizona Coyotes,2,0
1257,2019-04-06,Tampa Bay Lightning,6,Boston Bruins,3,0
1258,2019-04-06,Edmonton Oilers,3,Calgary Flames,1,0
1259,2019-04-06,Minnesota Wild,0,Dallas Stars,3,1
1260,2019-04-06,Buffalo Sabres,7,Detroit Red Wings,1,0
1261,2019-04-06,New Jersey Devils,4,Florida Panthers,3,0
1262,2019-04-06,Vegas Golden Knights,2,Los Angeles Kings,5,1
1263,2019-04-06,Toronto Maple Leafs,5,Montreal Canadiens,6,1
1264,2019-04-06,Chicago Blackhawks,2,Nashville Predators,5,1
1265,2019-04-06,Columbus Blue Jackets,6,Ottawa Senators,2,0
1266,2019-04-06,Carolina Hurricanes,4,Philadelphia Flyers,3,0
1267,2019-04-06,New York Rangers,4,Pittsburgh Penguins,3,0
1268,2019-04-06,Colorado Avalanche,2,San Jose Sharks,5,1
1269,2019-04-06,Vancouver Canucks,2,St. Louis Blues,3,1
1270,2019-04-06,New York Islanders,3,Washington Capitals,0,0
